{"stats":{"minecraft:mined":{"minecraft:tuff":854,"epicsamurai:deepslate_onyx_ore":1,"minecraft:deepslate_diamond_ore":36,"minecraft:lever":1,"epicsamurai:deepslate_ruby_ore":5,"minecraft:red_stained_glass_pane":1,"comforts:sleeping_bag_white":1,"epicsamurai:deepslate_jade_ore":2,"minecraft:furnace":1,"minecraft:fire":1,"minecraft:iron_ore":26,"minecraft:cobbled_deepslate":1,"treechop:chopped_log":6,"minecraft:deepslate_lapis_ore":8,"regions_unexplored:silver_birch_leaves":2,"minecraft:bookshelf":43,"minecraft:deepslate_iron_ore":18,"minecraft:oak_stairs":2,"epicsamurai:deepslate_silver_ore":12,"regions_unexplored:medium_grass":4,"regions_unexplored:orange_maple_leaf_pile":2,"minecraft:stone":391,"regions_unexplored:silt_grass_block":6,"minecraft:tripwire":2,"regions_unexplored:orange_coneflower":3,"minecraft:smithing_table":1,"minecraft:deepslate_redstone_ore":35,"minecraft:red_bed":4,"regions_unexplored:silver_birch_leaf_pile":2,"minecraft:powder_snow":3,"epicsamurai:deepslate_aquamarine_ore":8,"minecraft:torch":5,"regions_unexplored:salmon_poppy_bush":1,"regions_unexplored:silt_dirt":12,"minecraft:chest":1,"minecraft:cyan_bed":6,"minecraft:deepslate_gold_ore":11,"minecraft:wall_torch":4,"jeg:deepslate_scrap_ore":33,"minecraft:repeater":3,"minecraft:light_gray_stained_glass":4,"minecraft:jukebox":1,"minecraft:grass":8,"regions_unexplored:silver_birch_log":1,"minecraft:dirt":3,"minecraft:cobweb":7,"minecraft:piston":2,"minecraft:deepslate":6787},"minecraft:picked_up":{"minecraft:wheat":14,"minecraft:diamond_sword":1,"minecraft:lead":5,"regions_unexplored:silt_dirt":18,"minecraft:smooth_stone_slab":2,"minecraft:string":13,"minecraft:red_bed":4,"minecraft:iron_axe":2,"simplyswords:diamond_twinblade":1,"minecraft:iron_leggings":1,"epicsamurai:jade":2,"regions_unexplored:orange_maple_sapling":1,"minecraft:diamond_leggings":3,"regions_unexplored:pine_log":21,"minecraft:cobbled_deepslate":3594,"comforts:sleeping_bag_white":2,"minecraft:spruce_planks":2,"regions_unexplored:maple_leaf_pile":7,"minecraft:spruce_slab":8,"minecraft:chest":1,"minecraft:piston":2,"minecraft:furnace":1,"minecraft:stick":21,"minecraft:raw_iron":51,"regions_unexplored:silver_birch_leaf_pile":6,"herbology:salt":10,"minecraft:torch":17,"epicfight:skillbook":4,"minecraft:redstone":191,"minecraft:arrow":19,"minecraft:rotten_flesh":28,"minecraft:white_wool":2,"minecraft:cobblestone":378,"minecraft:cooked_beef":2,"minecraft:repeater":3,"minecraft:chiseled_quartz_block":1,"minecraft:tuff":256,"jeg:scrap":64,"minecraft:gunpowder":1,"simpletomb:grave_key":1,"skilltree:gem":10,"minecraft:lapis_lazuli":58,"minecraft:bone":20,"minecraft:apple":6,"minecraft:stonecutter":1,"regions_unexplored:red_maple_shrub":17,"minecraft:wheat_seeds":3,"minecraft:raw_gold":24,"minecraft:stone_pickaxe":1,"epicsamurai:aquamarine":8,"minecraft:iron_sword":1,"epicsamurai:raw_silver":11,"jeg:tech_trash":2,"regions_unexplored:orange_maple_leaf_pile":10,"minecraft:book":125,"regions_unexplored:silver_birch_sapling":3,"patchouli:guide_book":3,"regions_unexplored:pine_sapling":1,"minecraft:gravel":3,"minecraft:cyan_bed":5,"minecraft:light_gray_concrete":2,"minecraft:diamond":39,"minecraft:lever":1,"regions_unexplored:silver_birch_log":17,"vanillaplustools:stone_hammer":2,"regions_unexplored:maple_log":33,"minecraft:bread":20,"epicsamurai:ruby":8},"minecraft:broken":{"vanillaplustools:iron_hammer":1,"vanillaplustools:stone_hammer":1},"minecraft:dropped":{"minecraft:iron_ingot":14,"minecraft:wheat_seeds":1,"minecraft:diamond":11,"simpletomb:grave_key":3,"minecraft:diamond_leggings":4,"regions_unexplored:red_maple_shrub":17,"minecraft:lead":5,"minecraft:cobblestone":64,"regions_unexplored:silver_birch_sapling":3,"minecraft:stick":14,"regions_unexplored:orange_maple_sapling":1,"minecraft:torch":4,"skilltree:gem":1,"minecraft:iron_axe":1,"minecraft:iron_pickaxe":1,"regions_unexplored:silver_birch_leaf_pile":1,"minecraft:string":2,"regions_unexplored:pine_planks":26,"alexsmobs:animal_dictionary":1,"minecraft:cobbled_deepslate":1292,"minecraft:smooth_stone_slab":2,"minecraft:bowl":1,"minecraft:raw_iron":5,"minecraft:rotten_flesh":4,"minecraft:cooked_mutton":4,"patchouli:guide_book":2,"regions_unexplored:maple_leaf_pile":7,"epicsamurai:ruby":8,"minecraft:stone_pickaxe":1,"regions_unexplored:orange_maple_leaf_pile":1,"epicfight:skillbook":1},"minecraft:killed":{"minecraft:spider":9,"minecraft:skeleton":24,"minecraft:magma_cube":10,"minecraft:zombie_villager":1,"minecraft:creeper":1,"minecraft:sheep":1,"minecraft:zombie":35,"alexsmobs:fly":1},"minecraft:custom":{"minecraft:mob_kills":83,"minecraft:interact_with_crafting_table":27,"minecraft:open_barrel":9,"minecraft:bell_ring":1,"minecraft:leave_game":1,"minecraft:time_since_death":0,"minecraft:climb_one_cm":166499,"minecraft:sprint_one_cm":845197,"minecraft:walk_one_cm":1138441,"minecraft:drop":86,"minecraft:damage_dealt_absorbed":62,"minecraft:play_time":157962,"minecraft:deaths":38,"minecraft:sneak_time":2803,"minecraft:walk_under_water_one_cm":336,"minecraft:jump":2513,"minecraft:walk_on_water_one_cm":2317,"minecraft:total_world_time":157962,"minecraft:interact_with_furnace":38,"minecraft:sleep_in_bed":8,"minecraft:time_since_rest":0,"minecraft:damage_taken":29834,"minecraft:damage_absorbed":1468,"minecraft:damage_dealt":17158,"minecraft:swim_one_cm":4795,"minecraft:fly_one_cm":649300,"minecraft:open_chest":85,"minecraft:crouch_one_cm":18442,"minecraft:fall_one_cm":325974,"minecraft:inspect_dispenser":1},"minecraft:crafted":{"vanillaplustools:stone_hammer":1,"comforts:sleeping_bag_white":1,"regions_unexplored:maple_planks":132,"minecraft:furnace":8,"minecraft:bookshelf":16,"minecraft:cooked_mutton":9,"vanillaplustools:iron_hammer":1,"minecraft:diamond_helmet":1,"minecraft:diamond_leggings":2,"minecraft:stone_pickaxe":18,"minecraft:chest":6,"minecraft:diamond_boots":1,"minecraft:crafting_table":3,"minecraft:enchanting_table":1,"minecraft:birch_planks":68,"minecraft:air":0,"regions_unexplored:pine_planks":84,"minecraft:white_wool":1,"minecraft:stick":96,"minecraft:iron_ingot":40,"minecraft:iron_pickaxe":10,"vanillaplustools:diamond_hammer":1,"minecraft:torch":12,"minecraft:shears":1},"minecraft:killed_by":{"minecraft:skeleton":1},"minecraft:used":{"minecraft:enchanting_table":1,"minecraft:chest":7,"minecraft:iron_chestplate":1,"regions_unexplored:maple_planks":18,"vanillaplustools:stone_hammer":163,"minecraft:rotten_flesh":7,"simpletomb:grave_key":38,"simplyswords:diamond_twinblade":159,"minecraft:torch":14,"minecraft:bookshelf":15,"minecraft:iron_axe":106,"minecraft:rabbit_stew":1,"minecraft:furnace":7,"comforts:sleeping_bag_white":2,"minecraft:cooked_beef":2,"minecraft:cobbled_deepslate":228,"minecraft:cooked_mutton":5,"epicfight:skillbook":5,"vanillaplustools:diamond_hammer":537,"minecraft:crafting_table":3,"minecraft:red_bed":4,"minecraft:chiseled_quartz_block":1,"minecraft:apple":14,"minecraft:cyan_bed":4,"minecraft:bread":26,"minecraft:iron_pickaxe":157,"minecraft:diamond_sword":217,"minecraft:cobblestone":13,"vanillaplustools:iron_hammer":250,"alexsmobs:animal_dictionary":1}},"DataVersion":3465}