{"stats":{"minecraft:used":{"epicsamurai:straw_hat":1,"minecraft:chest":15,"minecraft:rotten_flesh":17,"immersive_aircraft:quadrocopter":2,"minecraft:jungle_planks":6,"minecraft:carrot":35,"jeg:custom_smg":80,"minecraft:honey_bottle":2,"wom:agony":157,"epicfight:iron_dagger":2,"wom:tormented_mind":10,"wom:diamond_staff":390,"wom:iron_staff":190,"minecraft:stone_bricks":13,"minecraft:scaffolding":8,"minecraft:furnace":4,"minecraft:egg":1,"minecraft:potato":57,"epicfight:skillbook":8,"minecraft:leather_leggings":2,"minecraft:oak_planks":62,"minecraft:stone_pickaxe":253,"minecraft:leather_chestplate":1,"minecraft:wooden_pickaxe":50,"biomesoplenty:lavender":1,"minecraft:diamond_axe":17,"immersive_aircraft:cargo_airship":1,"minecraft:blast_furnace":4,"minecraft:crossbow":4,"minecraft:shears":6,"minecraft:firework_rocket":5,"minecraft:bread":97,"minecraft:melon_slice":16,"minecraft:string":5,"minecraft:andesite":31,"wom:moonless":2,"minecraft:enchanting_table":5,"minecraft:stone_sword":20,"minecraft:redstone":1,"minecraft:cooked_chicken":2,"minecraft:torch":79,"minecraft:dirt":22,"wom:stone_staff":196,"minecraft:dark_oak_planks":40,"minecraft:bookshelf":9,"minecraft:beef":7,"minecraft:cooked_beef":11,"minecraft:cobbled_deepslate":60,"minecraft:light_gray_bed":3,"minecraft:cooked_mutton":4,"minecraft:bundle":1,"minecraft:baked_potato":14,"minecraft:gold_ore":1,"minecraft:crafting_table":4,"minecraft:red_bed":2,"epicfight:stone_spear":99,"minecraft:diamond_pickaxe":506,"minecraft:apple":6,"minecraft:iron_pickaxe":1316,"minecraft:cobblestone":79,"minecraft:purple_bed":14,"travelersbackpack:standard":2,"minecraft:porkchop":5,"minecraft:cooked_porkchop":3,"minecraft:brush":4,"minecraft:smooth_stone":2},"minecraft:crafted":{"immersive_aircraft:engine":5,"minecraft:smooth_stone":6,"minecraft:oak_planks":136,"epicsamurai:silver_ingot":9,"minecraft:cooked_chicken":2,"minecraft:stone":10,"minecraft:bookshelf":9,"minecraft:glass":24,"minecraft:repeater":1,"immersive_aircraft:hull":3,"minecraft:chest":18,"biomesoplenty:jacaranda_planks":96,"minecraft:cooked_porkchop":6,"minecraft:crafting_table":4,"minecraft:wooden_pickaxe":1,"travelersbackpack:standard":1,"minecraft:red_wool":2,"minecraft:copper_ingot":104,"beautify:rope":2,"immersive_aircraft:propeller":13,"travelersbackpack:red_sleeping_bag":1,"minecraft:charcoal":6,"minecraft:stick":32,"minecraft:iron_ingot":89,"minecraft:iron_pickaxe":6,"minecraft:stone_sword":1,"minecraft:gold_ingot":2,"wom:iron_staff":3,"minecraft:gray_carpet":6,"minecraft:redstone_torch":2,"minecraft:shears":1,"minecraft:leather_leggings":1,"wom:stone_staff":1,"comforts:sleeping_bag_white":1,"immersive_aircraft:sail":6,"minecraft:furnace":7,"minecraft:blast_furnace":1,"minecraft:piston":10,"minecraft:white_carpet":36,"wom:diamond_staff":1,"minecraft:stone_pickaxe":3,"immersive_aircraft:quadrocopter":3,"minecraft:wheat":144,"immersive_aircraft:airship":1,"minecraft:cooked_beef":11,"minecraft:red_dye":2,"immersive_aircraft:enhanced_propeller":1,"immersive_aircraft:cargo_airship":1,"immersive_aircraft:improved_landing_gear":1,"immersive_aircraft:boiler":8,"minecraft:enchanting_table":1,"travelersbackpack:backpack_tank":4,"epicfight:iron_dagger":2,"minecraft:air":0,"minecraft:bread":48,"jeg:scrap_block":1,"minecraft:jungle_planks":144,"minecraft:torch":96},"minecraft:killed":{"minecraft:cave_spider":3,"minecraft:spider":7,"minecraft:skeleton":20,"minecraft:bee":1,"minecraft:chicken":5,"minecraft:silverfish":54,"minecraft:pig":7,"minecraft:zombie_villager":1,"minecraft:creeper":5,"minecraft:sheep":4,"minecraft:pillager":12,"minecraft:zombie":52,"alexsmobs:fly":1,"minecraft:cow":5,"alexsmobs:raccoon":1,"epicsamurai:tanuki":1,"alexsmobs:bison":1,"minecraft:villager":1},"minecraft:broken":{"minecraft:leather_leggings":1,"minecraft:stone_pickaxe":1,"minecraft:leather_chestplate":1,"minecraft:iron_pickaxe":2},"minecraft:picked_up":{"regions_unexplored:small_oak_log":6,"minecraft:black_carpet":1,"minecraft:wheat":48,"minecraft:sentry_armor_trim_smithing_template":2,"minecraft:smithing_table":2,"minecraft:stone_slab":6,"minecraft:enchanted_book":1,"wom:stone_staff":3,"minecraft:string":66,"minecraft:raw_copper":191,"minecraft:sticky_piston":4,"minecraft:experience_bottle":2,"minecraft:cobbled_deepslate":496,"minecraft:smooth_stone":3,"comforts:sleeping_bag_white":1,"minecraft:spruce_planks":2,"wom:moonless":4,"minecraft:rose_bush":40,"minecraft:iron_pickaxe":10,"alexsmobs:raccoon_tail":1,"minecraft:melon_slice":46,"minecraft:furnace":5,"minecraft:iron_boots":1,"minecraft:tipped_arrow":12,"minecraft:stick":65,"jeg:pistol_ammo":80,"minecraft:torch":107,"epicfight:skillbook":9,"minecraft:porkchop":18,"minecraft:cherry_log":15,"regions_unexplored:daisy":1,"minecraft:goat_horn":1,"minecraft:stone_sword":4,"wom:tormented_mind":2,"minecraft:honey_bottle":2,"minecraft:light_gray_bed":5,"minecraft:rotten_flesh":68,"minecraft:cobblestone":711,"biomesoplenty:lavender":3,"minecraft:enchanting_table":4,"wom:diamond_staff":8,"epicfight:stone_spear":4,"minecraft:leather_chestplate":7,"minecraft:cooked_beef":5,"minecraft:jungle_log":18,"minecraft:andesite":837,"beautify:rope":2,"minecraft:smoker":1,"minecraft:potato":11,"alexsmobs:bison_fur":1,"paraglider:spirit_orb":3,"minecraft:flint":10,"jeg:scrap":349,"skilltree:gem":117,"minecraft:lapis_lazuli":37,"minecraft:dirt":58,"minecraft:lantern":1,"minecraft:bone":31,"travelersbackpack:backpack_tank":2,"minecraft:wheat_seeds":21,"biomesoplenty:webbing":5,"minecraft:raw_gold":11,"minecraft:mossy_stone_bricks":10,"minecraft:rabbit":10,"minecraft:bamboo":168,"epicsamurai:raw_silver":9,"minecraft:oak_planks":41,"minecraft:cooked_porkchop":3,"patchouli:guide_book":1,"minecraft:jungle_planks":6,"minecraft:sand":24,"minecraft:dark_oak_log":21,"alexsmobs:animal_dictionary":1,"minecraft:mossy_cobblestone":8,"epicsamurai:straw_hat":1,"minecraft:iron_hoe":1,"minecraft:bundle":3,"jeg:scrap_block":1,"regions_unexplored:hyssop":4,"minecraft:dispenser":2,"minecraft:diamond":9,"jeg:custom_smg":1,"minecraft:lever":4,"minecraft:crossbow":4,"minecraft:emerald":35,"minecraft:bread":14,"epicsamurai:ruby":12,"minecraft:oak_sapling":23,"minecraft:diamond_pickaxe":1,"minecraft:chicken":2,"minecraft:leather_leggings":6,"minecraft:wooden_pickaxe":3,"biomesoplenty:jacaranda_sapling":28,"minecraft:red_bed":7,"minecraft:flint_and_steel":1,"epicsamurai:jade":12,"minecraft:compass":1,"minecraft:cracked_stone_bricks":17,"skilltree:golden_ring":1,"minecraft:beef":15,"minecraft:jungle_sapling":1,"minecraft:iron_nugget":6,"minecraft:poppy":2,"minecraft:light_gray_wool":4,"minecraft:sugar_cane":8,"minecraft:chest":3,"minecraft:egg":1,"minecraft:raw_iron":251,"regions_unexplored:ash_vent":1,"minecraft:glow_item_frame":4,"minecraft:copper_ingot":21,"minecraft:cookie":6,"minecraft:redstone":569,"minecraft:carrot":23,"minecraft:dark_oak_planks":56,"minecraft:arrow":25,"regions_unexplored:redstone_bulb":1,"biomesoplenty:jacaranda_log":38,"minecraft:jungle_stairs":1,"regions_unexplored:felicia_daisy":1,"minecraft:hay_block":24,"minecraft:gold_ingot":3,"minecraft:mutton":8,"minecraft:white_wool":19,"regions_unexplored:hanging_prismarite":1,"minecraft:tripwire_hook":12,"minecraft:glow_ink_sac":12,"minecraft:leather":7,"minecraft:oak_log":28,"minecraft:gunpowder":13,"minecraft:cobblestone_stairs":4,"skilltree:scholar_necklace":1,"regions_unexplored:small_oak_sapling":2,"minecraft:white_banner":3,"minecraft:cooked_mutton":5,"minecraft:apple":13,"minecraft:stone_bricks":19,"minecraft:iron_ingot":76,"minecraft:stone_pickaxe":5,"minecraft:cobweb":2,"epicsamurai:aquamarine":10,"jeg:tech_trash":47,"minecraft:book":38,"epicsamurai:onyx":12,"minecraft:scaffolding":14,"minecraft:milk_bucket":1,"minecraft:black_candle":4,"minecraft:chiseled_stone_bricks":2,"wom:iron_staff":1,"minecraft:brush":3,"immersive_aircraft:boiler":4,"minecraft:gravel":51,"minecraft:blast_furnace":6,"minecraft:spider_eye":6,"biomesoplenty:flowering_oak_sapling":2,"minecraft:stripped_jungle_log":1,"minecraft:oak_wood":4,"travelersbackpack:standard":5,"minecraft:firework_rocket":5,"minecraft:purple_bed":16,"regions_unexplored:fireweed":3,"minecraft:cherry_sapling":7,"minecraft:baked_potato":14,"minecraft:black_wool":1,"minecraft:coal":176},"minecraft:custom":{"minecraft:interact_with_crafting_table":134,"minecraft:open_barrel":15,"minecraft:bell_ring":2,"minecraft:eat_cake_slice":7,"minecraft:leave_game":3,"minecraft:time_since_death":247674,"minecraft:sprint_one_cm":2157672,"minecraft:drop":154,"minecraft:talked_to_villager":10,"minecraft:play_time":507264,"minecraft:deaths":18,"minecraft:jump":7131,"minecraft:walk_on_water_one_cm":39786,"minecraft:enchant_item":4,"minecraft:interact_with_furnace":83,"minecraft:traded_with_villager":1,"minecraft:interact_with_loom":1,"minecraft:sleep_in_bed":29,"minecraft:damage_dealt":25938,"minecraft:crouch_one_cm":128714,"minecraft:inspect_dispenser":3,"minecraft:interact_with_smithing_table":1,"minecraft:inspect_dropper":1,"minecraft:mob_kills":185,"minecraft:inspect_hopper":3,"minecraft:climb_one_cm":33003,"minecraft:walk_one_cm":1829279,"minecraft:damage_dealt_absorbed":279,"minecraft:sneak_time":37475,"minecraft:walk_under_water_one_cm":27516,"minecraft:interact_with_blast_furnace":10,"minecraft:total_world_time":507264,"minecraft:time_since_rest":31935,"minecraft:damage_taken":11168,"minecraft:swim_one_cm":8209,"minecraft:fly_one_cm":2105914,"minecraft:open_chest":313,"minecraft:fall_one_cm":183316},"minecraft:mined":{"minecraft:spruce_planks":1,"minecraft:cobblestone_stairs":2,"epicsamurai:silver_ore":3,"minecraft:grass_block":1,"minecraft:infested_cobblestone":11,"minecraft:light_gray_bed":4,"minecraft:iron_ore":145,"minecraft:cobbled_deepslate":8,"biomesoplenty:lavender":3,"minecraft:black_carpet":1,"minecraft:deepslate_lapis_ore":6,"minecraft:enchanting_table":4,"biomesoplenty:hanging_cobweb":4,"epicsamurai:deepslate_silver_ore":5,"minecraft:black_candle":1,"minecraft:tripwire":5,"minecraft:piston_head":2,"minecraft:deepslate_redstone_ore":23,"minecraft:red_bed":5,"minecraft:smoker":1,"minecraft:torch":15,"minecraft:jungle_stairs":2,"minecraft:blast_furnace":5,"minecraft:poppy":2,"minecraft:chest":2,"minecraft:cobblestone":13,"minecraft:sugar_cane":3,"minecraft:oak_planks":4,"minecraft:wall_torch":16,"minecraft:deepslate_copper_ore":11,"regions_unexplored:hyssop":2,"realmrpg_skeletons:bow_skeleton":1,"epicsamurai:aquamarine_ore":9,"biomesoplenty:clover":2,"minecraft:infested_mossy_stone_bricks":3,"minecraft:grass":55,"minecraft:sand":24,"minecraft:infested_cracked_stone_bricks":1,"minecraft:tripwire_hook":3,"minecraft:deepslate":454,"regions_unexplored:fireweed":3,"minecraft:tuff":35,"minecraft:mossy_cobblestone":2,"minecraft:deepslate_diamond_ore":4,"minecraft:lever":4,"epicsamurai:deepslate_ruby_ore":6,"minecraft:white_stained_glass":2,"minecraft:moss_block":1,"minecraft:hay_block":20,"epicsamurai:onyx_ore":6,"minecraft:redstone_ore":38,"minecraft:furnace":4,"minecraft:andesite":322,"treechop:chopped_log":4,"minecraft:bookshelf":14,"minecraft:deepslate_iron_ore":8,"minecraft:vine":2,"minecraft:stripped_jungle_log":1,"regions_unexplored:ash_vent":1,"regions_unexplored:medium_grass":6,"minecraft:bamboo":1,"minecraft:stone":671,"minecraft:white_wool":6,"regions_unexplored:redstone_bulb":1,"minecraft:smithing_table":1,"minecraft:scaffolding":4,"epicsamurai:jade_ore":3,"jeg:scrap_ore":52,"minecraft:basalt":2,"travelersbackpack:standard":3,"minecraft:oak_wood":3,"regions_unexplored:volcanic_ash":2,"minecraft:rose_bush":8,"minecraft:tall_grass":15,"minecraft:copper_ore":27,"minecraft:deepslate_gold_ore":5,"regions_unexplored:daisy":1,"jeg:deepslate_scrap_ore":35,"minecraft:purple_bed":13,"regions_unexplored:redstone_bud":1,"regions_unexplored:redwood_leaves":2,"minecraft:coal_ore":117,"minecraft:gravel":33,"biomesoplenty:stringy_cobweb":2,"minecraft:cobweb":6,"minecraft:cracked_stone_bricks":1,"minecraft:stone_bricks":8,"minecraft:mossy_stone_bricks":8,"minecraft:gold_ore":3,"epicsamurai:ruby_ore":6,"minecraft:fern":5},"minecraft:dropped":{"minecraft:gold_ore":1,"minecraft:porkchop":3,"minecraft:lapis_lazuli":21,"minecraft:glow_ink_sac":2,"minecraft:glass_bottle":1,"wom:moonless":5,"minecraft:cracked_stone_bricks":2,"travelersbackpack:standard":2,"alexsmobs:bison_fur":1,"minecraft:flint":1,"minecraft:emerald":2,"minecraft:red_bed":5,"beautify:rope":4,"minecraft:mutton":3,"biomesoplenty:flowering_oak_sapling":2,"minecraft:gold_nugget":7,"minecraft:iron_pickaxe":2,"wom:tormented_mind":1,"minecraft:dark_oak_planks":2,"jeg:tech_trash":21,"regions_unexplored:redstone_bulb":1,"regions_unexplored:felicia_daisy":1,"minecraft:gold_ingot":1,"minecraft:bone":1,"minecraft:gravel":3,"minecraft:sugar_cane":8,"minecraft:iron_nugget":12,"minecraft:cobbled_deepslate":138,"minecraft:oak_planks":8,"minecraft:cooked_mutton":1,"wom:iron_staff":1,"patchouli:guide_book":1,"minecraft:chiseled_stone_bricks":1,"minecraft:oak_wood":2,"minecraft:chest":1,"minecraft:arrow":1,"minecraft:beef":1,"minecraft:scaffolding":5,"minecraft:bread":27,"biomesoplenty:jacaranda_sapling":10,"regions_unexplored:fireweed":2,"minecraft:wheat_seeds":15,"biomesoplenty:lavender":2,"minecraft:book":2,"minecraft:cobblestone":265,"minecraft:apple":13,"epicfight:iron_dagger":2,"minecraft:coal":12,"regions_unexplored:daisy":1,"minecraft:stick":7,"minecraft:milk_bucket":1,"minecraft:torch":60,"minecraft:rabbit":5,"skilltree:gem":9,"minecraft:string":2,"minecraft:redstone":42,"minecraft:furnace":1,"minecraft:light_gray_wool":4,"minecraft:iron_boots":2,"regions_unexplored:hyssop":2,"epicsamurai:straw_hat":1,"regions_unexplored:small_oak_sapling":1,"wom:stone_staff":1,"immersive_aircraft:quadrocopter":1,"minecraft:potato":6,"minecraft:hay_block":4,"aether:iron_gloves":1,"minecraft:spruce_planks":1,"minecraft:bundle":1,"minecraft:iron_chestplate":1,"minecraft:andesite":98,"minecraft:light_gray_bed":2,"minecraft:oak_sapling":21,"minecraft:stone_bricks":1,"minecraft:stone_pickaxe":1,"minecraft:wooden_pickaxe":1,"epicfight:skillbook":1,"minecraft:black_wool":1}},"DataVersion":3465}