{"stats":{"minecraft:used":{"minecraft:moss_block":1,"minecraft:flint_and_steel":6,"minecraft:spruce_planks":3,"minecraft:chest":2,"minecraft:iron_sword":63,"vanillaplustools:stone_hammer":473,"immersive_aircraft:warship":1,"minecraft:rotten_flesh":2,"minecraft:iron_chestplate":2,"simpletomb:grave_key":49,"minecraft:orange_bed":3,"minecraft:torch":95,"minecraft:dirt":42,"minecraft:carrot":44,"minecraft:cyan_wool":3,"wom:iron_staff":1325,"enhancedfarming:orange":9,"minecraft:beef":8,"minecraft:furnace":8,"jeg:revolver":10,"minecraft:cobbled_deepslate":146,"simplyswords:gold_chakram":64,"epicfight:skillbook":2,"minecraft:oak_planks":4,"minecraft:wooden_pickaxe":32,"vanillaplustools:diamond_hammer":887,"minecraft:golden_apple":1,"minecraft:glow_berries":8,"minecraft:crafting_table":3,"minecraft:shears":66,"enhancedfarming:orange_sapling":1,"minecraft:black_wool":21,"minecraft:apple":42,"minecraft:diamond_shovel":68,"minecraft:bread":7,"minecraft:cyan_bed":4,"minecraft:stone_axe":5,"minecraft:cobblestone":44,"minecraft:cooked_porkchop":5,"enhancedfarming:mango":14,"alexsmobs:animal_dictionary":1,"minecraft:cobweb":31},"minecraft:broken":{"wom:iron_staff":1,"vanillaplustools:stone_hammer":4,"minecraft:iron_sword":1,"simplyswords:gold_chakram":2},"minecraft:crafted":{"immersive_aircraft:engine":4,"minecraft:smooth_stone":14,"minecraft:oak_planks":148,"minecraft:tripwire_hook":2,"vanillaplustools:stone_hammer":3,"minecraft:iron_nugget":18,"immersive_aircraft:sail":8,"minecraft:furnace":21,"minecraft:blast_furnace":4,"minecraft:piston":10,"minecraft:stone":39,"minecraft:lever":2,"minecraft:diamond_shovel":1,"minecraft:white_carpet":51,"minecraft:bow":1,"minecraft:diamond_helmet":1,"minecraft:diamond_leggings":1,"immersive_aircraft:hull":6,"minecraft:stone_pickaxe":33,"simplyswords:gold_chakram":2,"minecraft:diamond_boots":1,"minecraft:chest":6,"aether:diamond_gloves":1,"skilltree:golden_ring":4,"immersive_aircraft:airship":1,"immersive_aircraft:cargo_airship":1,"immersive_aircraft:warship":1,"minecraft:cooked_porkchop":5,"immersive_aircraft:boiler":8,"minecraft:crafting_table":3,"minecraft:spruce_planks":4,"immersive_aircraft:rotary_cannon":1,"minecraft:wooden_pickaxe":1,"minecraft:iron_sword":1,"immersive_aircraft:industrial_gears":2,"minecraft:copper_ingot":46,"simplyswords:diamond_rapier":1,"minecraft:stone_axe":1,"minecraft:bread":14,"minecraft:air":0,"jeg:scrap_block":1,"minecraft:dispenser":1,"minecraft:charcoal":28,"minecraft:gold_nugget":23,"minecraft:stick":86,"immersive_aircraft:heavy_crossbow":1,"minecraft:iron_ingot":56,"minecraft:gold_ingot":21,"wom:iron_staff":3,"vanillaplustools:diamond_hammer":2,"minecraft:torch":100,"skilltree:simple_necklace":1,"minecraft:shears":1,"minecraft:diamond_chestplate":1},"minecraft:picked_up":{"enhancedfarming:orange_sapling":4,"minecraft:iron_chestplate":7,"minecraft:clay_ball":20,"regions_unexplored:silt_dirt":2,"enhancedfarming:orange":9,"minecraft:string":35,"minecraft:red_bed":1,"minecraft:raw_copper":213,"epicsamurai:jade":8,"jeg:revolver":1,"minecraft:oak_sign":1,"minecraft:diamond_leggings":1,"minecraft:gold_nugget":2,"minecraft:cobbled_deepslate":5693,"minecraft:spruce_planks":4,"minecraft:beef":8,"minecraft:cyan_wool":3,"minecraft:melon_slice":4,"minecraft:iron_boots":1,"minecraft:stick":13,"minecraft:raw_iron":51,"jeg:pistol_ammo":25,"minecraft:copper_ingot":115,"herbology:salt":48,"enhancedfarming:cherry":3,"minecraft:torch":28,"minecraft:spruce_stairs":4,"epicfight:skillbook":2,"mokels_adventure:tainted_rune":1,"enhancedfarming:cherry_leaves":5,"hpm:smallhull":1,"minecraft:redstone":213,"minecraft:carrot":32,"minecraft:orange_bed":4,"minecraft:arrow":37,"minecraft:rotten_flesh":5,"enhancedfarming:cherry_sapling":8,"farmersdelight:rope":11,"enhancedfarming:mango":14,"minecraft:gold_ingot":14,"minecraft:glow_berries":7,"minecraft:mutton":4,"minecraft:white_wool":38,"minecraft:cobblestone":2868,"minecraft:feather":19,"minecraft:mushroom_stew":2,"minecraft:tuff":302,"minecraft:oak_log":177,"jeg:scrap":175,"minecraft:gunpowder":15,"skilltree:gem":13,"minecraft:lapis_lazuli":147,"minecraft:dirt":573,"minecraft:bone":34,"minecraft:apple":64,"minecraft:kelp":1,"minecraft:wheat_seeds":16,"minecraft:raw_gold":75,"minecraft:stone_pickaxe":4,"minecraft:iron_sword":1,"epicsamurai:aquamarine":3,"minecraft:moss_block":8,"jeg:tech_trash":22,"epicsamurai:raw_silver":8,"minecraft:book":9,"enhancedfarming:mango_sapling":3,"patchouli:guide_book":2,"minecraft:spruce_log":8,"minecraft:cyan_bed":5,"minecraft:spider_eye":3,"minecraft:diamond":41,"minecraft:soul_lantern":3,"minecraft:crossbow":1,"minecraft:chainmail_leggings":1,"minecraft:iron_helmet":1,"vanillaplustools:stone_hammer":1,"minecraft:golden_apple":1,"minecraft:oak_sapling":3,"minecraft:black_wool":21,"mokels_adventure:tainted_core":1,"minecraft:coal":93},"minecraft:mined":{"minecraft:diamond_ore":4,"minecraft:tuff":798,"minecraft:spruce_planks":5,"minecraft:farmland":1,"minecraft:deepslate_diamond_ore":37,"ecologics:surface_moss":1,"minecraft:cave_vines_plant":2,"minecraft:grass_block":30,"minecraft:white_stained_glass":2,"minecraft:kelp":1,"minecraft:moss_block":3,"minecraft:oak_wall_sign":1,"minecraft:redstone_ore":8,"minecraft:fire":36,"minecraft:iron_ore":28,"minecraft:cobbled_deepslate":7,"treechop:chopped_log":2,"minecraft:deepslate_lapis_ore":10,"minecraft:bookshelf":2,"minecraft:cave_vines":2,"minecraft:deepslate_iron_ore":25,"epicsamurai:deepslate_silver_ore":4,"regions_unexplored:medium_grass":2,"minecraft:stone":2659,"regions_unexplored:silt_grass_block":1,"minecraft:white_wool":39,"minecraft:orange_bed":3,"herbology:salt_block":30,"minecraft:deepslate_redstone_ore":53,"jeg:scrap_ore":14,"minecraft:clay":1,"minecraft:torch":6,"regions_unexplored:silt_dirt":1,"minecraft:melon":1,"minecraft:sculk_sensor":1,"minecraft:tall_grass":1,"minecraft:copper_ore":58,"minecraft:cobblestone":1,"minecraft:deepslate_coal_ore":2,"minecraft:cyan_bed":4,"minecraft:deepslate_gold_ore":35,"minecraft:wall_torch":4,"minecraft:deepslate_copper_ore":4,"minecraft:spruce_stairs":3,"jeg:deepslate_scrap_ore":83,"minecraft:cyan_wool":3,"epicsamurai:aquamarine_ore":2,"enhancedfarming:cherry_leaves":8,"minecraft:black_wool":24,"minecraft:grass":1,"minecraft:coal_ore":79,"minecraft:dirt":40,"minecraft:cobweb":31,"enhancedfarming:lemon_leaves":1,"minecraft:deepslate":7740},"minecraft:killed":{"mokels_adventure:tainted_flame":1,"mokels_adventure:mana_sentinel":1,"mythicmounts:dragon":1,"minecraft:spider":6,"kobolds:kobold_rascal":1,"naturalist:snail":1,"minecraft:skeleton":24,"minecraft:parrot":1,"minecraft:bat":1,"minecraft:creeper":2,"minecraft:pillager":7,"minecraft:zombie":4,"alexsmobs:crow":1},"minecraft:dropped":{"minecraft:iron_ingot":1,"minecraft:bread":7,"minecraft:iron_sword":1,"minecraft:moss_block":6,"minecraft:wheat_seeds":16,"minecraft:lapis_lazuli":41,"minecraft:oak_log":128,"minecraft:diamond":4,"simpletomb:grave_key":2,"jeg:scrap_block":1,"minecraft:diamond_leggings":1,"minecraft:feather":2,"minecraft:cobblestone":1727,"minecraft:spruce_stairs":1,"minecraft:coal":7,"minecraft:mushroom_stew":2,"minecraft:stick":2,"minecraft:dirt":531,"minecraft:torch":9,"minecraft:melon_slice":4,"epicsamurai:jade":4,"skilltree:gem":3,"minecraft:gold_nugget":4,"minecraft:orange_bed":1,"minecraft:string":4,"epicsamurai:aquamarine":1,"jeg:tech_trash":3,"minecraft:bone":18,"minecraft:redstone":12,"vanillaplustools:diamond_hammer":1,"minecraft:stone_axe":1,"alexsmobs:animal_dictionary":1,"minecraft:cobbled_deepslate":4460,"minecraft:raw_copper":6,"enhancedfarming:cherry_sapling":10,"minecraft:tuff":236,"minecraft:soul_lantern":2,"minecraft:white_carpet":3,"minecraft:rotten_flesh":1,"minecraft:light_gray_wool":2,"minecraft:oak_planks":1,"minecraft:diamond_shovel":1,"enhancedfarming:mango_sapling":3,"patchouli:guide_book":4,"hpm:smallhull":1,"minecraft:spruce_planks":1,"minecraft:iron_chestplate":5,"minecraft:oak_sapling":3,"farmersdelight:rope":11,"minecraft:spider_eye":2,"minecraft:arrow":14,"minecraft:stone_pickaxe":7,"minecraft:raw_gold":3,"regions_unexplored:silt_dirt":2,"herbology:salt":25,"skilltree:golden_ring":2,"minecraft:cyan_bed":1,"epicfight:skillbook":1},"minecraft:custom":{"minecraft:mob_kills":53,"minecraft:interact_with_crafting_table":84,"minecraft:open_barrel":39,"minecraft:leave_game":4,"minecraft:time_since_death":31371,"minecraft:climb_one_cm":7169,"minecraft:sprint_one_cm":1238390,"minecraft:walk_one_cm":1404468,"minecraft:drop":245,"minecraft:damage_dealt_absorbed":72,"minecraft:play_time":270365,"minecraft:deaths":30,"minecraft:sneak_time":7514,"minecraft:walk_under_water_one_cm":9320,"minecraft:jump":4646,"minecraft:walk_on_water_one_cm":20743,"minecraft:total_world_time":270365,"minecraft:interact_with_furnace":147,"minecraft:sleep_in_bed":8,"minecraft:time_since_rest":14859,"minecraft:damage_taken":14286,"minecraft:trigger_trapped_chest":1,"minecraft:damage_dealt":27258,"minecraft:swim_one_cm":38448,"minecraft:fly_one_cm":1325561,"minecraft:open_chest":206,"minecraft:crouch_one_cm":37244,"minecraft:fall_one_cm":135419}},"DataVersion":3465}