{"stats":{"minecraft:broken":{"minecraft:leather_leggings":1,"minecraft:stone_pickaxe":1,"minecraft:leather_chestplate":1},"minecraft:custom":{"minecraft:interact_with_crafting_table":83,"minecraft:open_barrel":11,"minecraft:eat_cake_slice":7,"minecraft:leave_game":2,"minecraft:time_since_death":24998,"minecraft:sprint_one_cm":1639276,"minecraft:drop":101,"minecraft:talked_to_villager":8,"minecraft:play_time":284588,"minecraft:deaths":18,"minecraft:jump":5169,"minecraft:walk_on_water_one_cm":38322,"minecraft:interact_with_furnace":55,"minecraft:traded_with_villager":1,"minecraft:interact_with_loom":1,"minecraft:sleep_in_bed":21,"minecraft:damage_dealt":18352,"minecraft:crouch_one_cm":39973,"minecraft:inspect_dispenser":3,"minecraft:inspect_dropper":1,"minecraft:mob_kills":132,"minecraft:inspect_hopper":3,"minecraft:climb_one_cm":19407,"minecraft:walk_one_cm":1122342,"minecraft:damage_dealt_absorbed":279,"minecraft:sneak_time":10460,"minecraft:walk_under_water_one_cm":26696,"minecraft:interact_with_blast_furnace":10,"minecraft:total_world_time":284588,"minecraft:time_since_rest":158,"minecraft:damage_taken":8950,"minecraft:swim_one_cm":7490,"minecraft:fly_one_cm":1659871,"minecraft:open_chest":173,"minecraft:fall_one_cm":144323},"minecraft:dropped":{"minecraft:gold_ore":1,"minecraft:porkchop":3,"minecraft:glow_ink_sac":2,"minecraft:glass_bottle":1,"travelersbackpack:standard":2,"alexsmobs:bison_fur":1,"minecraft:emerald":2,"minecraft:red_bed":5,"minecraft:mutton":2,"biomesoplenty:flowering_oak_sapling":2,"minecraft:gold_nugget":7,"minecraft:dark_oak_planks":2,"jeg:tech_trash":18,"regions_unexplored:redstone_bulb":1,"minecraft:bone":1,"minecraft:gravel":3,"minecraft:sugar_cane":8,"minecraft:iron_nugget":12,"minecraft:cobbled_deepslate":8,"minecraft:oak_planks":4,"minecraft:cooked_mutton":1,"patchouli:guide_book":1,"wom:iron_staff":1,"minecraft:chest":1,"minecraft:beef":1,"minecraft:scaffolding":5,"minecraft:bread":27,"regions_unexplored:fireweed":2,"biomesoplenty:jacaranda_sapling":10,"minecraft:wheat_seeds":4,"biomesoplenty:lavender":2,"minecraft:cobblestone":2,"minecraft:apple":13,"epicfight:iron_dagger":2,"minecraft:coal":12,"minecraft:stick":5,"minecraft:milk_bucket":1,"minecraft:torch":16,"minecraft:rabbit":5,"skilltree:gem":4,"minecraft:redstone":40,"minecraft:furnace":1,"minecraft:iron_boots":2,"regions_unexplored:hyssop":2,"epicsamurai:straw_hat":1,"regions_unexplored:small_oak_sapling":1,"wom:stone_staff":1,"aether:iron_gloves":1,"minecraft:bundle":1,"minecraft:iron_chestplate":1,"minecraft:andesite":98,"minecraft:light_gray_bed":2,"minecraft:oak_sapling":21,"minecraft:stone_pickaxe":1,"minecraft:wooden_pickaxe":1,"minecraft:black_wool":1},"minecraft:killed":{"minecraft:cave_spider":3,"minecraft:spider":4,"minecraft:skeleton":15,"minecraft:bee":1,"minecraft:chicken":4,"minecraft:silverfish":38,"minecraft:pig":7,"minecraft:zombie_villager":1,"minecraft:creeper":3,"minecraft:sheep":2,"minecraft:pillager":12,"minecraft:zombie":31,"alexsmobs:fly":1,"minecraft:cow":3,"alexsmobs:raccoon":1,"epicsamurai:tanuki":1,"alexsmobs:bison":1},"minecraft:crafted":{"immersive_aircraft:engine":2,"minecraft:smooth_stone":6,"minecraft:oak_planks":136,"minecraft:cooked_chicken":2,"minecraft:stone":6,"minecraft:glass":24,"minecraft:chest":11,"biomesoplenty:jacaranda_planks":96,"minecraft:cooked_porkchop":6,"minecraft:crafting_table":3,"minecraft:wooden_pickaxe":1,"travelersbackpack:standard":1,"minecraft:red_wool":2,"minecraft:copper_ingot":40,"immersive_aircraft:propeller":8,"travelersbackpack:red_sleeping_bag":1,"minecraft:stick":12,"minecraft:iron_ingot":73,"minecraft:iron_pickaxe":1,"minecraft:stone_sword":1,"minecraft:gold_ingot":1,"wom:iron_staff":3,"minecraft:leather_leggings":1,"wom:stone_staff":1,"comforts:sleeping_bag_white":1,"minecraft:furnace":6,"minecraft:blast_furnace":1,"minecraft:piston":4,"wom:diamond_staff":1,"minecraft:stone_pickaxe":3,"immersive_aircraft:quadrocopter":2,"minecraft:wheat":144,"minecraft:cooked_beef":11,"minecraft:red_dye":2,"immersive_aircraft:improved_landing_gear":1,"immersive_aircraft:boiler":4,"travelersbackpack:backpack_tank":4,"epicfight:iron_dagger":2,"minecraft:bread":48,"minecraft:air":0,"jeg:scrap_block":1,"minecraft:jungle_planks":32,"minecraft:torch":36},"minecraft:picked_up":{"regions_unexplored:small_oak_log":6,"minecraft:wheat":48,"minecraft:sentry_armor_trim_smithing_template":2,"minecraft:smithing_table":2,"minecraft:enchanted_book":1,"wom:stone_staff":3,"minecraft:string":45,"minecraft:raw_copper":115,"minecraft:sticky_piston":4,"minecraft:experience_bottle":2,"minecraft:cobbled_deepslate":34,"minecraft:smooth_stone":3,"comforts:sleeping_bag_white":1,"minecraft:rose_bush":40,"minecraft:iron_pickaxe":9,"alexsmobs:raccoon_tail":1,"minecraft:melon_slice":31,"minecraft:iron_boots":1,"minecraft:furnace":4,"minecraft:tipped_arrow":12,"minecraft:stick":54,"minecraft:torch":63,"epicfight:skillbook":6,"minecraft:porkchop":18,"minecraft:goat_horn":1,"minecraft:stone_sword":4,"wom:tormented_mind":1,"minecraft:honey_bottle":2,"minecraft:light_gray_bed":5,"minecraft:rotten_flesh":64,"minecraft:cobblestone":172,"biomesoplenty:lavender":3,"wom:diamond_staff":8,"minecraft:leather_chestplate":7,"epicfight:stone_spear":4,"minecraft:cooked_beef":5,"minecraft:andesite":837,"minecraft:potato":5,"alexsmobs:bison_fur":1,"paraglider:spirit_orb":3,"minecraft:flint":9,"jeg:scrap":285,"skilltree:gem":103,"minecraft:dirt":1,"minecraft:lantern":1,"minecraft:bone":26,"travelersbackpack:backpack_tank":2,"minecraft:wheat_seeds":8,"minecraft:raw_gold":7,"minecraft:rabbit":10,"minecraft:bamboo":155,"epicsamurai:raw_silver":6,"minecraft:oak_planks":37,"minecraft:cooked_porkchop":3,"patchouli:guide_book":1,"minecraft:sand":24,"minecraft:dark_oak_log":21,"alexsmobs:animal_dictionary":1,"minecraft:mossy_cobblestone":8,"epicsamurai:straw_hat":1,"minecraft:bundle":3,"jeg:scrap_block":1,"regions_unexplored:hyssop":4,"minecraft:dispenser":2,"minecraft:diamond":5,"minecraft:crossbow":4,"minecraft:emerald":35,"minecraft:bread":14,"minecraft:oak_sapling":23,"minecraft:chicken":2,"minecraft:leather_leggings":6,"minecraft:wooden_pickaxe":3,"biomesoplenty:jacaranda_sapling":28,"minecraft:red_bed":7,"minecraft:flint_and_steel":1,"minecraft:compass":1,"epicsamurai:jade":12,"minecraft:beef":10,"minecraft:iron_nugget":6,"minecraft:poppy":2,"minecraft:sugar_cane":8,"minecraft:chest":3,"minecraft:egg":1,"minecraft:raw_iron":223,"minecraft:glow_item_frame":4,"minecraft:copper_ingot":21,"minecraft:redstone":454,"minecraft:carrot":23,"minecraft:dark_oak_planks":56,"minecraft:arrow":20,"regions_unexplored:redstone_bulb":1,"biomesoplenty:jacaranda_log":38,"minecraft:jungle_stairs":1,"minecraft:hay_block":20,"minecraft:gold_ingot":2,"minecraft:mutton":7,"minecraft:white_wool":1,"minecraft:glow_ink_sac":12,"minecraft:tripwire_hook":12,"minecraft:leather":7,"minecraft:oak_log":28,"minecraft:gunpowder":11,"minecraft:cobblestone_stairs":4,"regions_unexplored:small_oak_sapling":2,"minecraft:white_banner":3,"minecraft:cooked_mutton":3,"minecraft:apple":13,"minecraft:stone_bricks":6,"minecraft:iron_ingot":76,"minecraft:stone_pickaxe":5,"minecraft:cobweb":2,"epicsamurai:aquamarine":2,"jeg:tech_trash":44,"minecraft:book":15,"epicsamurai:onyx":12,"minecraft:scaffolding":13,"minecraft:black_candle":1,"minecraft:milk_bucket":1,"wom:iron_staff":1,"minecraft:brush":3,"immersive_aircraft:boiler":4,"minecraft:gravel":21,"minecraft:blast_furnace":6,"minecraft:spider_eye":5,"biomesoplenty:flowering_oak_sapling":2,"minecraft:stripped_jungle_log":1,"travelersbackpack:standard":5,"minecraft:purple_bed":11,"regions_unexplored:fireweed":3,"minecraft:black_wool":1,"minecraft:coal":138},"minecraft:mined":{"minecraft:cobblestone_stairs":2,"epicsamurai:silver_ore":3,"minecraft:grass_block":1,"minecraft:infested_cobblestone":11,"minecraft:light_gray_bed":4,"minecraft:iron_ore":125,"minecraft:cobbled_deepslate":8,"biomesoplenty:lavender":3,"biomesoplenty:hanging_cobweb":3,"minecraft:tripwire":1,"minecraft:piston_head":2,"minecraft:red_bed":5,"minecraft:torch":6,"minecraft:jungle_stairs":2,"minecraft:blast_furnace":5,"minecraft:poppy":2,"minecraft:chest":2,"minecraft:cobblestone":5,"minecraft:oak_planks":4,"minecraft:sugar_cane":3,"minecraft:wall_torch":5,"minecraft:deepslate_copper_ore":1,"regions_unexplored:hyssop":2,"epicsamurai:aquamarine_ore":1,"minecraft:grass":37,"minecraft:sand":24,"minecraft:tripwire_hook":3,"minecraft:deepslate":20,"regions_unexplored:fireweed":3,"minecraft:mossy_cobblestone":2,"minecraft:white_stained_glass":2,"minecraft:moss_block":1,"minecraft:hay_block":20,"epicsamurai:onyx_ore":6,"minecraft:redstone_ore":38,"minecraft:furnace":3,"minecraft:andesite":322,"treechop:chopped_log":3,"minecraft:bookshelf":5,"minecraft:stripped_jungle_log":1,"regions_unexplored:medium_grass":4,"minecraft:stone":128,"regions_unexplored:redstone_bulb":1,"minecraft:smithing_table":1,"epicsamurai:jade_ore":3,"minecraft:scaffolding":3,"jeg:scrap_ore":44,"travelersbackpack:standard":3,"minecraft:rose_bush":8,"minecraft:copper_ore":12,"minecraft:tall_grass":10,"minecraft:deepslate_gold_ore":1,"minecraft:purple_bed":9,"regions_unexplored:redstone_bud":1,"regions_unexplored:redwood_leaves":2,"minecraft:coal_ore":92,"minecraft:gravel":4,"biomesoplenty:stringy_cobweb":1,"minecraft:cobweb":6,"minecraft:stone_bricks":3,"minecraft:mossy_stone_bricks":1,"minecraft:gold_ore":3,"minecraft:fern":4},"minecraft:used":{"epicsamurai:straw_hat":1,"minecraft:chest":12,"minecraft:rotten_flesh":17,"immersive_aircraft:quadrocopter":2,"minecraft:jungle_planks":6,"minecraft:carrot":35,"minecraft:honey_bottle":2,"epicfight:iron_dagger":2,"wom:diamond_staff":305,"wom:tormented_mind":10,"wom:iron_staff":190,"minecraft:stone_bricks":2,"minecraft:scaffolding":8,"minecraft:furnace":3,"minecraft:egg":1,"minecraft:potato":57,"minecraft:leather_leggings":2,"minecraft:stone_pickaxe":253,"minecraft:oak_planks":62,"minecraft:wooden_pickaxe":50,"minecraft:leather_chestplate":1,"biomesoplenty:lavender":1,"minecraft:blast_furnace":4,"minecraft:bread":66,"minecraft:melon_slice":3,"minecraft:string":1,"minecraft:andesite":31,"minecraft:stone_sword":20,"minecraft:redstone":1,"minecraft:cooked_chicken":2,"minecraft:torch":21,"wom:stone_staff":196,"minecraft:dark_oak_planks":40,"minecraft:beef":7,"minecraft:cooked_beef":11,"minecraft:light_gray_bed":3,"minecraft:cooked_mutton":2,"minecraft:bundle":1,"minecraft:gold_ore":1,"minecraft:crafting_table":3,"minecraft:red_bed":2,"epicfight:stone_spear":99,"minecraft:iron_pickaxe":562,"minecraft:cobblestone":15,"minecraft:purple_bed":9,"travelersbackpack:standard":2,"minecraft:cooked_porkchop":3,"minecraft:porkchop":5,"minecraft:brush":4}},"DataVersion":3465}