{"stats":{"minecraft:broken":{"minecraft:stone_pickaxe":1,"minecraft:iron_pickaxe":1,"minecraft:golden_shovel":1},"minecraft:custom":{"minecraft:interact_with_furnace":12,"minecraft:mob_kills":21,"minecraft:interact_with_crafting_table":23,"minecraft:leave_game":2,"minecraft:time_since_death":19791,"minecraft:sleep_in_bed":9,"minecraft:climb_one_cm":9027,"minecraft:time_since_rest":18787,"minecraft:sprint_one_cm":327632,"minecraft:damage_taken":1794,"minecraft:walk_one_cm":549128,"minecraft:drop":29,"minecraft:damage_dealt":3132,"minecraft:deaths":1,"minecraft:swim_one_cm":11687,"minecraft:fly_one_cm":192570,"minecraft:open_chest":56,"minecraft:crouch_one_cm":3211,"minecraft:play_time":168238,"minecraft:sneak_time":1838,"minecraft:walk_under_water_one_cm":581,"minecraft:jump":877,"minecraft:walk_on_water_one_cm":3468,"minecraft:interact_with_smoker":8,"minecraft:total_world_time":168238,"minecraft:fall_one_cm":12832},"minecraft:dropped":{"regions_unexplored:fireweed":4,"minecraft:wheat_seeds":4,"minecraft:cobbled_deepslate":11,"minecraft:crafting_table":1,"minecraft:cooked_porkchop":1,"minecraft:feather":1,"minecraft:cobblestone":154,"epicfight:stone_spear":1,"regions_unexplored:hyssop":10,"regions_unexplored:daisy":4,"minecraft:milk_bucket":2,"minecraft:spider_eye":2,"minecraft:writable_book":1,"minecraft:stone_pickaxe":1,"minecraft:wooden_pickaxe":1,"minecraft:string":2,"minecraft:white_wool":2,"minecraft:bucket":2,"minecraft:bone":1},"minecraft:killed_by":{"minecraft:zombie":1},"minecraft:killed":{"minecraft:pig":3,"minecraft:spider":3,"minecraft:sheep":1,"minecraft:donkey":2,"minecraft:zombie":5,"minecraft:bee":1,"ecologics:squirrel":1,"minecraft:chicken":2,"alexsmobs:bison":1,"minecraft:cow":2},"minecraft:picked_up":{"minecraft:crafting_table":2,"epicfight:stone_spear":1,"minecraft:feather":1,"minecraft:chicken":2,"minecraft:andesite":84,"minecraft:leather":4,"paraglider:spirit_orb":2,"wom:stone_staff":2,"jeg:scrap_workbench":1,"minecraft:oak_log":23,"jeg:scrap":32,"minecraft:gunpowder":3,"skilltree:gem":21,"minecraft:dirt":81,"minecraft:string":2,"minecraft:raw_copper":62,"minecraft:leather_boots":1,"minecraft:bone":1,"minecraft:beetroot":1,"minecraft:apple":3,"minecraft:wheat_seeds":22,"minecraft:cobbled_deepslate":11,"minecraft:bucket":1,"minecraft:beef":18,"minecraft:stone_pickaxe":1,"minecraft:iron_pickaxe":1,"jeg:tech_trash":1,"minecraft:oak_planks":39,"epicsamurai:raw_silver":2,"minecraft:raw_iron":25,"minecraft:milk_bucket":1,"minecraft:cooked_porkchop":10,"wom:iron_staff":1,"minecraft:torch":38,"minecraft:porkchop":8,"aether:golden_gloves":1,"minecraft:white_bed":7,"minecraft:golden_chestplate":1,"minecraft:spider_eye":2,"regions_unexplored:daisy":4,"biomesoplenty:flowering_oak_sapling":5,"minecraft:rotten_flesh":5,"regions_unexplored:hyssop":10,"minecraft:arrow":2,"regions_unexplored:fireweed":4,"minecraft:beetroot_seeds":5,"minecraft:oak_sapling":16,"minecraft:mutton":1,"minecraft:white_wool":2,"minecraft:coal":113,"minecraft:cobblestone":421},"minecraft:crafted":{"minecraft:cooked_beef":5,"epicfight:stone_spear":1,"epicsamurai:silver_ingot":2,"minecraft:oak_planks":92,"minecraft:cooked_porkchop":8,"minecraft:crafting_table":3,"minecraft:wooden_pickaxe":1,"minecraft:cooked_chicken":3,"minecraft:furnace":2,"minecraft:cooked_mutton":3,"jeg:scrap_block":2,"jeg:scrap_workbench":2,"minecraft:stick":24,"minecraft:iron_ingot":19,"minecraft:iron_pickaxe":2,"minecraft:stone_pickaxe":1,"minecraft:stone_sword":1,"minecraft:chest":3,"jeg:scrap":9,"minecraft:torch":44,"minecraft:cooked_rabbit":6},"minecraft:mined":{"minecraft:white_bed":6,"jeg:scrap_ore":14,"minecraft:crafting_table":1,"minecraft:torch":2,"epicsamurai:silver_ore":1,"minecraft:grass_block":26,"minecraft:copper_ore":16,"minecraft:tall_grass":23,"regions_unexplored:daisy":5,"minecraft:spawner":1,"regions_unexplored:hyssop":13,"jeg:scrap_workbench":1,"realmrpg_skeletons:bow_skeleton":1,"minecraft:iron_ore":25,"minecraft:andesite":46,"minecraft:grass":98,"minecraft:oak_log":4,"minecraft:coal_ore":76,"minecraft:beetroots":4,"minecraft:vine":1,"epicsamurai:deepslate_silver_ore":2,"minecraft:dirt":17,"regions_unexplored:medium_grass":18,"minecraft:stone":299,"minecraft:deepslate":11,"regions_unexplored:fireweed":5},"minecraft:used":{"minecraft:beetroot":1,"minecraft:cooked_mutton":3,"minecraft:writable_book":1,"minecraft:stone_pickaxe":134,"minecraft:oak_planks":1,"minecraft:chest":3,"minecraft:wooden_pickaxe":15,"minecraft:cooked_chicken":3,"minecraft:torch":11,"minecraft:dirt":1,"minecraft:crafting_table":4,"minecraft:crossbow":2,"wom:stone_staff":224,"minecraft:white_bed":7,"minecraft:golden_shovel":39,"epicfight:stone_spear":13,"minecraft:milk_bucket":1,"minecraft:chicken":2,"minecraft:iron_pickaxe":352,"wom:iron_staff":33,"jeg:scrap_workbench":3,"minecraft:cobblestone":1,"minecraft:furnace":2,"minecraft:cooked_porkchop":6,"minecraft:cooked_rabbit":6,"alexsmobs:animal_dictionary":1,"minecraft:cooked_beef":5}},"DataVersion":3465}