{"stats":{"minecraft:used":{"minecraft:iron_shovel":19,"minecraft:chest":4,"minecraft:rotten_flesh":6,"immersive_aircraft:quadrocopter":1,"minecraft:carrot":43,"regions_unexplored:mauve_sapling":1,"minecraft:tuff":5,"minecraft:obsidian":2,"minecraft:lantern":1,"wom:diamond_staff":38,"wom:tormented_mind":475,"wom:iron_staff":217,"minecraft:stone_bricks":5,"minecraft:bow":14,"minecraft:hay_block":1,"minecraft:furnace":7,"minecraft:potato":17,"epicfight:skillbook":17,"minecraft:stone_pickaxe":229,"minecraft:wooden_pickaxe":85,"minecraft:cookie":27,"minecraft:golden_apple":2,"epicsamurai:gold_ninja_helmet":6,"minecraft:melon_slice":37,"minecraft:bread":57,"minecraft:smithing_table":1,"minecraft:andesite":8,"wom:moonless":16,"minecraft:bone_meal":1,"minecraft:experience_bottle":2,"minecraft:torch":146,"minecraft:anvil":1,"minecraft:diamond_helmet":8,"wom:stone_staff":234,"minecraft:dark_oak_planks":30,"minecraft:iron_axe":34,"minecraft:iron_boots":1,"minecraft:golden_carrot":1,"minecraft:goat_horn":3,"ecologics:walnut":3,"minecraft:cooked_beef":4,"minecraft:cobbled_deepslate":7,"minecraft:light_gray_bed":5,"minecraft:iron_leggings":1,"minecraft:cooked_mutton":4,"comforts:sleeping_bag_light_gray":1,"minecraft:baked_potato":14,"ecologics:walnut_sapling":1,"minecraft:mossy_cobblestone":2,"minecraft:crafting_table":13,"minecraft:red_bed":2,"minecraft:white_bed":1,"minecraft:diamond_pickaxe":908,"minecraft:apple":28,"minecraft:iron_pickaxe":792,"minecraft:jungle_stairs":2,"minecraft:stone_slab":7,"minecraft:stone_axe":28,"minecraft:cobblestone":24,"minecraft:cooked_porkchop":11,"alexsmobs:animal_dictionary":1,"epicfight:uchigatana":1},"minecraft:crafted":{"minecraft:oak_planks":76,"minecraft:smooth_stone":9,"epicsamurai:silver_ingot":4,"aether:iron_ring":1,"ecologics:walnut_planks":16,"aether:golden_ring":1,"minecraft:stone":21,"minecraft:cooked_mutton":9,"minecraft:diamond_helmet":2,"minecraft:chest":4,"aether:diamond_gloves":1,"biomesoplenty:jacaranda_planks":52,"minecraft:cooked_porkchop":17,"minecraft:diamond_axe":1,"minecraft:crafting_table":12,"minecraft:iron_helmet":1,"minecraft:wooden_pickaxe":3,"minecraft:baked_potato":27,"skilltree:scholar_necklace":3,"minecraft:smithing_table":1,"minecraft:copper_ingot":7,"minecraft:charcoal":8,"minecraft:diamond_pickaxe":2,"minecraft:stick":76,"minecraft:iron_ingot":166,"minecraft:iron_pickaxe":5,"minecraft:iron_block":4,"minecraft:gold_ingot":8,"aether:white_cape":1,"wom:iron_staff":3,"minecraft:shears":1,"wom:stone_staff":3,"minecraft:furnace":14,"minecraft:blast_furnace":3,"wom:diamond_staff":1,"regions_unexplored:mauve_planks":20,"minecraft:iron_axe":1,"minecraft:stone_pickaxe":5,"skilltree:golden_ring":3,"epicsamurai:gray_samurai_boots":1,"minecraft:dark_oak_planks":84,"minecraft:wheat":135,"minecraft:cooked_beef":5,"epicsamurai:cloth":20,"minecraft:stone_axe":2,"comforts:sleeping_bag_light_gray":1,"minecraft:bread":46,"minecraft:jungle_planks":48,"minecraft:white_wool":2,"aether:golden_pendant":1,"minecraft:gold_nugget":27,"epicsamurai:gold_ninja_helmet":1,"minecraft:iron_shovel":1,"minecraft:iron_leggings":1,"minecraft:anvil":1,"minecraft:torch":120},"minecraft:killed":{"minecraft:cave_spider":3,"minecraft:spider":10,"minecraft:skeleton":17,"minecraft:chicken":1,"minecraft:silverfish":29,"minecraft:cat":1,"minecraft:pig":2,"minecraft:creeper":8,"minecraft:sheep":5,"minecraft:pillager":27,"minecraft:zombie":26,"minecraft:cow":1,"alexsmobs:raccoon":3,"alexsmobs:gorilla":5,"ecologics:squirrel":1,"minecraft:villager":2},"minecraft:broken":{"minecraft:iron_pickaxe":1},"minecraft:picked_up":{"minecraft:iron_chestplate":1,"minecraft:wheat":23,"minecraft:yellow_wool":3,"minecraft:sentry_armor_trim_smithing_template":12,"minecraft:stone_slab":26,"aether:iron_gloves":1,"minecraft:enchanted_book":6,"wom:stone_staff":4,"minecraft:stone_brick_stairs":1,"minecraft:string":31,"minecraft:raw_copper":8,"biomesoplenty:tall_lavender":3,"minecraft:experience_bottle":10,"minecraft:cobbled_deepslate":467,"regions_unexplored:bamboo_sapling":1,"minecraft:smooth_stone":3,"minecraft:bucket":2,"wom:moonless":1,"minecraft:rose_bush":41,"minecraft:calcite":13,"minecraft:iron_pickaxe":8,"alexsmobs:raccoon_tail":2,"minecraft:melon_slice":147,"minecraft:furnace":1,"minecraft:iron_boots":1,"minecraft:tipped_arrow":24,"minecraft:stick":45,"ecologics:walnut_log":4,"jeg:pistol_ammo":25,"minecraft:torch":76,"epicfight:skillbook":15,"minecraft:porkchop":13,"regions_unexplored:daisy":10,"minecraft:goat_horn":5,"wom:tormented_mind":8,"minecraft:light_gray_bed":5,"minecraft:rotten_flesh":56,"regions_unexplored:mauve_log":19,"minecraft:iron_block":15,"minecraft:cobblestone":806,"epicfight:stone_spear":1,"ecologics:walnut":4,"minecraft:feather":3,"minecraft:andesite":121,"minecraft:jungle_log":65,"minecraft:potato":45,"paraglider:spirit_orb":5,"minecraft:flint":1,"minecraft:tuff":18,"jeg:scrap":81,"skilltree:gem":72,"minecraft:lapis_lazuli":78,"minecraft:dirt":65,"minecraft:bone":30,"travelersbackpack:backpack_tank":2,"minecraft:bow":2,"minecraft:wheat_seeds":89,"biomesoplenty:webbing":42,"minecraft:raw_gold":4,"minecraft:mossy_stone_bricks":10,"minecraft:diamond_helmet":1,"minecraft:bamboo":218,"minecraft:oak_planks":4,"epicsamurai:raw_silver":22,"regions_unexplored:bamboo_log":14,"minecraft:cooked_porkchop":7,"patchouli:guide_book":2,"minecraft:dark_oak_log":113,"alexsmobs:animal_dictionary":1,"minecraft:mossy_cobblestone":12,"epicsamurai:straw_hat":2,"regions_unexplored:mauve_planks":26,"regions_unexplored:hyssop":22,"minecraft:diamond":24,"minecraft:crossbow":4,"minecraft:bone_meal":7,"immersive_aircraft:quadrocopter":1,"minecraft:bread":39,"minecraft:emerald":11,"epicsamurai:ruby":8,"minecraft:oak_sapling":16,"minecraft:crafting_table":1,"minecraft:charcoal":10,"minecraft:coarse_dirt":2,"minecraft:wooden_pickaxe":6,"biomesoplenty:jacaranda_sapling":23,"minecraft:red_bed":5,"minecraft:white_carpet":4,"epicsamurai:jade":18,"minecraft:iron_shovel":2,"ecologics:walnut_sapling":5,"minecraft:cracked_stone_bricks":2,"minecraft:mossy_cobblestone_wall":3,"minecraft:beef":10,"minecraft:light_gray_wool":8,"minecraft:sugar_cane":7,"minecraft:raw_iron":118,"minecraft:stone":12,"minecraft:glow_item_frame":6,"regions_unexplored:volcanic_ash":1,"minecraft:cookie":14,"minecraft:redstone":281,"minecraft:carrot":32,"minecraft:arrow":60,"regions_unexplored:mauve_sapling":12,"biomesoplenty:jacaranda_log":30,"minecraft:jungle_stairs":2,"regions_unexplored:felicia_daisy":2,"minecraft:hay_block":21,"minecraft:glow_berries":2,"minecraft:mutton":15,"minecraft:white_wool":16,"minecraft:skeleton_skull":1,"regions_unexplored:hanging_prismarite":5,"minecraft:tripwire_hook":15,"minecraft:glow_ink_sac":15,"minecraft:salmon":1,"minecraft:leather":4,"minecraft:red_mushroom":12,"minecraft:oak_log":28,"biomesoplenty:jacaranda_planks":13,"minecraft:gunpowder":11,"skilltree:scholar_necklace":2,"minecraft:white_banner":5,"comforts:sleeping_bag_light_gray":1,"minecraft:cooked_mutton":5,"minecraft:apple":4,"minecraft:stone_bricks":9,"minecraft:iron_ingot":16,"minecraft:stone_pickaxe":5,"minecraft:cobweb":2,"minecraft:glass_bottle":1,"epicsamurai:aquamarine":9,"epicsamurai:silver_ingot":2,"jeg:tech_trash":7,"minecraft:book":3,"epicsamurai:onyx":5,"minecraft:milk_bucket":3,"minecraft:chiseled_stone_bricks":1,"wom:iron_staff":3,"minecraft:brush":6,"minecraft:gravel":6,"minecraft:lava_bucket":1,"minecraft:white_bed":2,"minecraft:gold_ore":2,"minecraft:mossy_stone_brick_slab":1,"minecraft:spider_eye":2,"biomesoplenty:flowering_oak_sapling":2,"regions_unexplored:fireweed":23,"minecraft:stone_axe":2,"minecraft:gray_wool":3,"minecraft:baked_potato":15,"minecraft:coal":101,"minecraft:hopper":1},"minecraft:custom":{"minecraft:interact_with_crafting_table":151,"minecraft:open_barrel":16,"minecraft:leave_game":6,"minecraft:time_since_death":256913,"minecraft:sprint_one_cm":2869031,"minecraft:drop":169,"minecraft:talked_to_villager":4,"minecraft:play_time":521843,"minecraft:deaths":20,"minecraft:jump":5100,"minecraft:interact_with_brewingstand":1,"minecraft:walk_on_water_one_cm":44943,"minecraft:enchant_item":3,"minecraft:interact_with_furnace":87,"minecraft:interact_with_loom":1,"minecraft:sleep_in_bed":18,"minecraft:damage_dealt":22692,"minecraft:crouch_one_cm":34131,"minecraft:interact_with_smoker":6,"minecraft:inspect_dispenser":1,"minecraft:interact_with_smithing_table":11,"minecraft:inspect_dropper":2,"minecraft:interact_with_anvil":7,"minecraft:mob_kills":143,"minecraft:inspect_hopper":1,"minecraft:climb_one_cm":43993,"minecraft:walk_one_cm":2614814,"minecraft:damage_dealt_absorbed":8669,"minecraft:sneak_time":12063,"minecraft:walk_under_water_one_cm":23768,"minecraft:interact_with_blast_furnace":6,"minecraft:total_world_time":521843,"minecraft:time_since_rest":17284,"minecraft:damage_taken":11307,"minecraft:damage_absorbed":20,"minecraft:trigger_trapped_chest":1,"minecraft:swim_one_cm":24246,"minecraft:fly_one_cm":1148654,"minecraft:open_chest":296,"minecraft:fall_one_cm":120084},"minecraft:mined":{"minecraft:white_bed":2,"minecraft:mossy_stone_brick_slab":2,"regions_unexplored:hanging_prismarite":3,"minecraft:grass_block":34,"minecraft:infested_cobblestone":3,"regions_unexplored:pine_shrub":1,"minecraft:jungle_log":2,"minecraft:light_gray_bed":4,"minecraft:hopper":1,"minecraft:chiseled_stone_bricks":7,"epicsamurai:deepslate_jade_ore":18,"biomesoplenty:tall_lavender":7,"minecraft:iron_ore":45,"minecraft:cobbled_deepslate":2,"biomesoplenty:lavender":1,"minecraft:moss_carpet":2,"minecraft:deepslate_lapis_ore":8,"biomesoplenty:hanging_cobweb":6,"realmrpg_skeletons:devastated_skeleton":1,"biomesoplenty:webbing":23,"epicsamurai:deepslate_silver_ore":22,"minecraft:iron_block":16,"biomesoplenty:jacaranda_leaves":1,"minecraft:deepslate_redstone_ore":49,"minecraft:red_bed":2,"minecraft:torch":18,"minecraft:jungle_stairs":2,"minecraft:calcite":13,"minecraft:mossy_cobblestone_wall":5,"minecraft:melon":22,"minecraft:cobblestone":2,"minecraft:sugar_cane":3,"minecraft:wall_torch":19,"minecraft:deepslate_copper_ore":2,"regions_unexplored:hyssop":10,"realmrpg_skeletons:bow_skeleton":1,"realmrpg_skeletons:webbed_skeleton":1,"minecraft:yellow_wool":3,"minecraft:wheat":6,"realmrpg_skeletons:acrobat_skeleton":2,"minecraft:stone_brick_stairs":2,"minecraft:grass":191,"minecraft:infested_mossy_stone_bricks":9,"minecraft:oak_log":2,"minecraft:dirt":56,"minecraft:infested_cracked_stone_bricks":18,"minecraft:dispenser":1,"minecraft:redstone_lamp":1,"minecraft:oak_leaves":5,"minecraft:deepslate":792,"regions_unexplored:fireweed":3,"minecraft:tuff":127,"minecraft:mossy_cobblestone":1,"epicsamurai:deepslate_onyx_ore":5,"minecraft:deepslate_diamond_ore":24,"epicsamurai:deepslate_ruby_ore":8,"minecraft:hay_block":18,"minecraft:andesite":52,"treechop:chopped_log":9,"minecraft:mossy_stone_brick_stairs":2,"minecraft:potatoes":2,"minecraft:deepslate_iron_ore":13,"biomesoplenty:high_grass":15,"biomesoplenty:mahogany_leaves":3,"minecraft:vine":16,"regions_unexplored:medium_grass":30,"realmrpg_skeletons:arrow_skeleton":1,"minecraft:bamboo":14,"biomesoplenty:spider_egg":2,"minecraft:stone":489,"minecraft:white_wool":3,"regions_unexplored:felicia_daisy":4,"minecraft:podzol":3,"jeg:scrap_ore":9,"minecraft:infested_stone_bricks":1,"epicsamurai:deepslate_aquamarine_ore":9,"minecraft:crafting_table":1,"minecraft:emerald_ore":2,"regions_unexplored:volcanic_ash":2,"minecraft:rose_bush":1,"minecraft:lightning_rod":1,"minecraft:campfire":1,"minecraft:stone_slab":17,"biomesoplenty:high_grass_plant":46,"minecraft:tall_grass":53,"minecraft:deepslate_coal_ore":1,"minecraft:lapis_ore":1,"minecraft:deepslate_gold_ore":2,"regions_unexplored:daisy":1,"jeg:deepslate_scrap_ore":25,"minecraft:coarse_dirt":1,"minecraft:white_carpet":5,"minecraft:coal_ore":64,"minecraft:gravel":9,"biomesoplenty:stringy_cobweb":2,"minecraft:cracked_stone_bricks":16,"minecraft:stone_bricks":24,"minecraft:mossy_stone_bricks":16,"minecraft:gold_ore":2,"minecraft:infested_stone":1,"minecraft:fern":88},"minecraft:dropped":{"minecraft:iron_sword":1,"minecraft:baked_potato":28,"minecraft:glass_bottle":1,"minecraft:diamond":3,"minecraft:cookie":12,"minecraft:leather":6,"minecraft:red_mushroom":6,"minecraft:flint":1,"minecraft:dirt":19,"minecraft:iron_pickaxe":1,"wom:tormented_mind":2,"minecraft:dark_oak_planks":54,"travelersbackpack:backpack_tank":4,"minecraft:gold_ingot":1,"minecraft:bone":8,"minecraft:gravel":3,"minecraft:cobbled_deepslate":274,"minecraft:rotten_flesh":25,"minecraft:oak_planks":4,"minecraft:cooked_mutton":4,"minecraft:white_bed":1,"patchouli:guide_book":1,"comforts:sleeping_bag_white":1,"minecraft:arrow":13,"minecraft:bread":3,"regions_unexplored:fireweed":18,"minecraft:wheat_seeds":35,"minecraft:feather":1,"minecraft:cobblestone":193,"regions_unexplored:daisy":2,"minecraft:stick":12,"minecraft:gray_wool":3,"minecraft:torch":7,"minecraft:rose_bush":8,"minecraft:melon_slice":31,"skilltree:gem":9,"minecraft:diamond_helmet":1,"regions_unexplored:volcanic_ash":1,"minecraft:iron_shovel":1,"minecraft:string":12,"minecraft:bucket":1,"minecraft:redstone":90,"minecraft:furnace":1,"minecraft:coarse_dirt":1,"minecraft:tuff":9,"minecraft:light_gray_wool":8,"minecraft:clay_ball":3,"regions_unexplored:hyssop":13,"skilltree:scholar_necklace":3,"wom:stone_staff":2,"minecraft:filled_map":1,"minecraft:potato":12,"minecraft:stone":12,"minecraft:diamond_pickaxe":1,"minecraft:andesite":2,"minecraft:oak_sapling":4,"minecraft:stone_bricks":1,"minecraft:bamboo":113,"minecraft:wooden_pickaxe":1,"epicfight:skillbook":5}},"DataVersion":3465}