{"stats":{"minecraft:killed":{"minecraft:rabbit":1,"spawn:ant":1,"mythicmounts:geckotoalizard":1},"minecraft:mined":{"minecraft:hay_block":17,"valhelsia_structures:green_metal_framed_glass_pane":2,"treechop:chopped_log":6,"minecraft:grass":2,"regions_unexplored:poppy_bush":11,"regions_unexplored:medium_grass":2,"minecraft:cake":1,"regions_unexplored:tassel":1,"valhelsia_structures:big_glazed_jar":2},"minecraft:used":{"minecraft:iron_axe":53,"minecraft:bread":5,"minecraft:iron_pickaxe":8,"simpletomb:grave_key":2,"minecraft:hay_block":1,"alexsmobs:animal_dictionary":2,"simplyswords:watcher_claymore":10},"minecraft:dropped":{"minecraft:feather":10,"regions_unexplored:tassel":1},"minecraft:custom":{"minecraft:time_since_rest":1560,"minecraft:damage_absorbed":10,"minecraft:sprint_one_cm":294170,"minecraft:damage_taken":275,"minecraft:walk_one_cm":167219,"minecraft:mob_kills":4,"minecraft:drop":2,"minecraft:damage_dealt":562,"minecraft:interact_with_crafting_table":2,"minecraft:fly_one_cm":77402,"minecraft:open_barrel":3,"minecraft:open_chest":12,"minecraft:crouch_one_cm":285,"minecraft:play_time":33688,"minecraft:deaths":1,"minecraft:sneak_time":19,"minecraft:jump":209,"minecraft:leave_game":1,"minecraft:time_since_death":23764,"minecraft:sleep_in_bed":2,"minecraft:total_world_time":33688,"minecraft:climb_one_cm":3556,"minecraft:fall_one_cm":3177},"minecraft:crafted":{"minecraft:stick":16,"regions_unexplored:maple_planks":8,"minecraft:bread":45,"minecraft:wheat":126},"minecraft:picked_up":{"regions_unexplored:silver_birch_sapling":5,"minecraft:stick":17,"minecraft:iron_chestplate":1,"minecraft:feather":10,"valhelsia_structures:green_metal_framed_glass_pane":2,"minecraft:leather_leggings":1,"regions_unexplored:tassel":1,"regions_unexplored:poppy_bush":11,"minecraft:leather_boots":1,"minecraft:armor_stand":1,"minecraft:apple":1,"regions_unexplored:maple_sapling":6,"regions_unexplored:silver_birch_log":29,"minecraft:hay_block":17,"regions_unexplored:maple_log":25,"minecraft:chainmail_helmet":1}},"DataVersion":3465}