{"stats":{"minecraft:used":{"minecraft:beetroot":1,"minecraft:chest":14,"minecraft:iron_sword":16,"vanillaplustools:stone_hammer":322,"minecraft:cooked_salmon":1,"simpletomb:grave_key":62,"minecraft:torch":64,"minecraft:dirt":45,"simplyswords:diamond_rapier":65,"minecraft:carrot":75,"wom:stone_staff":196,"vanillaplustools:iron_shovel":266,"enhancedfarming:cherry":21,"wom:iron_staff":996,"enhancedfarming:lemon":4,"minecraft:diamond_chestplate":1,"enhancedfarming:orange":14,"minecraft:furnace":11,"minecraft:potato":23,"minecraft:cobbled_deepslate":84,"epicfight:skillbook":18,"minecraft:amethyst_block":5,"minecraft:baked_potato":8,"minecraft:diamond_axe":249,"vanillaplustools:diamond_hammer":1409,"minecraft:crafting_table":4,"simplyswords:gold_twinblade":32,"minecraft:oak_log":2,"minecraft:apple":60,"minecraft:melon_slice":4,"minecraft:bread":7,"minecraft:iron_pickaxe":158,"jeg:scrap_workbench":1,"wom:diamond_greataxe":80,"minecraft:stone_axe":41,"minecraft:cobblestone":6,"vanillaplustools:iron_hammer":250,"minecraft:smithing_table":1,"enhancedfarming:mango":1},"minecraft:broken":{"vanillaplustools:iron_hammer":1,"minecraft:iron_chestplate":2,"simplyswords:gold_twinblade":1,"vanillaplustools:iron_shovel":1,"vanillaplustools:stone_hammer":2,"minecraft:iron_sword":1},"minecraft:crafted":{"minecraft:oak_planks":632,"vanillaplustools:stone_hammer":3,"wom:diamond_greataxe":2,"wom:stone_staff":2,"vanillaplustools:iron_shovel":1,"minecraft:furnace":11,"aether:golden_ring":2,"vanillaplustools:iron_hammer":1,"minecraft:diamond_helmet":2,"minecraft:diamond_leggings":2,"minecraft:iron_boots":1,"jeg:scrap_workbench":1,"minecraft:stone_pickaxe":27,"minecraft:chest":16,"minecraft:diamond_boots":1,"aether:diamond_gloves":1,"skilltree:golden_ring":2,"minecraft:wheat":9,"minecraft:diamond_axe":2,"minecraft:crafting_table":4,"hpm:smallhull":1,"minecraft:baked_potato":8,"minecraft:smithing_table":1,"minecraft:copper_ingot":80,"minecraft:stone_axe":1,"minecraft:air":0,"minecraft:diamond_pickaxe":18,"minecraft:charcoal":2,"minecraft:gold_nugget":36,"minecraft:stick":184,"minecraft:iron_ingot":52,"minecraft:iron_pickaxe":9,"minecraft:iron_shovel":9,"minecraft:gold_ingot":15,"wom:iron_staff":3,"simplyswords:gold_twinblade":1,"minecraft:torch":72,"minecraft:diamond_chestplate":3},"minecraft:picked_up":{"enhancedfarming:orange_sapling":4,"minecraft:iron_chestplate":3,"minecraft:wheat":40,"minecraft:clay_ball":20,"enhancedfarming:orange":52,"minecraft:amethyst_block":61,"minecraft:string":1,"minecraft:cooked_salmon":1,"minecraft:raw_copper":146,"minecraft:white_carpet":3,"regions_unexplored:spruce_shrub":2,"epicsamurai:jade":4,"minecraft:beetroot":2,"minecraft:diamond_leggings":1,"minecraft:gold_nugget":2,"minecraft:cobbled_deepslate":4125,"minecraft:spruce_planks":3,"minecraft:beef":2,"minecraft:player_head":1,"minecraft:cyan_wool":1,"minecraft:melon_slice":4,"minecraft:iron_boots":3,"minecraft:stick":57,"minecraft:raw_iron":64,"herbology:salt":57,"minecraft:torch":33,"enhancedfarming:cherry":33,"epicfight:skillbook":3,"enhancedfarming:cherry_leaves":2,"hpm:smallhull":1,"minecraft:redstone":439,"minecraft:carrot":118,"minecraft:arrow":33,"minecraft:rotten_flesh":7,"simplefarming:pepper_seeds":1,"minecraft:beetroot_seeds":6,"simplefarming:strawberries":1,"minecraft:hay_block":1,"enhancedfarming:cherry_sapling":4,"enhancedfarming:mango":34,"minecraft:glow_berries":2,"minecraft:white_wool":1,"minecraft:cobblestone":1483,"minecraft:feather":49,"minecraft:tripwire_hook":1,"minecraft:leather":2,"enhancedfarming:apple_sapling":5,"vanillaplustools:diamond_hammer":1,"minecraft:potato":25,"minecraft:oak_log":391,"minecraft:tuff":304,"jeg:scrap":74,"minecraft:lapis_lazuli":59,"skilltree:gem":24,"regions_unexplored:tassel":1,"minecraft:dirt":414,"minecraft:bone":54,"minecraft:apple":55,"minecraft:wheat_seeds":150,"minecraft:raw_gold":49,"minecraft:stone_pickaxe":6,"minecraft:iron_ingot":1,"minecraft:moss_block":14,"epicsamurai:aquamarine":6,"minecraft:iron_sword":3,"jeg:tech_trash":3,"epicsamurai:raw_silver":14,"minecraft:oak_planks":44,"minecraft:book":9,"epicsamurai:onyx":13,"wom:iron_staff":1,"minecraft:gravel":3,"minecraft:amethyst_shard":4,"minecraft:spruce_sapling":1,"minecraft:spruce_log":2,"enhancedfarming:lemon":11,"jeg:scrap_block":1,"minecraft:diamond_shovel":1,"minecraft:diamond":94,"minecraft:chainmail_leggings":2,"minecraft:bread":9,"minecraft:oak_sapling":61,"epicsamurai:ruby":5,"simplefarming:cotton_seeds":1,"minecraft:coal":16,"regions_unexplored:apple_oak_sapling":3},"minecraft:killed":{"mokels_adventure:mana_sentinel":1,"alexsmobs:raccoon":1,"mokels_adventure:knight":4,"minecraft:skeleton":39,"alexsmobs:bison":1,"mythicmounts:geckotoalizard":1,"minecraft:parrot":1,"minecraft:bat":1,"minecraft:creeper":1,"minecraft:pillager":5,"alexsmobs:flutter":1,"minecraft:zombie":11,"minecraft:enderman":1,"minecraft:cow":1},"minecraft:mined":{"regions_unexplored:spruce_shrub":1,"minecraft:tuff":1134,"minecraft:spruce_planks":1,"epicsamurai:deepslate_onyx_ore":2,"minecraft:deepslate_diamond_ore":84,"minecraft:carved_pumpkin":4,"minecraft:cave_vines_plant":2,"minecraft:budding_amethyst":7,"epicsamurai:deepslate_ruby_ore":13,"minecraft:grass_block":567,"minecraft:spruce_leaves":1,"minecraft:moss_block":18,"minecraft:hay_block":1,"epicsamurai:onyx_ore":11,"epicsamurai:deepslate_jade_ore":6,"minecraft:redstone_ore":4,"minecraft:carrots":50,"minecraft:fire":12,"minecraft:iron_ore":37,"minecraft:cobbled_deepslate":15,"treechop:chopped_log":33,"minecraft:deepslate_lapis_ore":20,"minecraft:bookshelf":4,"minecraft:potatoes":8,"minecraft:cave_vines":3,"minecraft:deepslate_iron_ore":29,"minecraft:small_amethyst_bud":2,"epicsamurai:deepslate_silver_ore":18,"regions_unexplored:medium_grass":12,"minecraft:stone":1966,"regions_unexplored:silt_grass_block":30,"minecraft:player_head":4,"herbology:salt_block":16,"minecraft:deepslate_redstone_ore":158,"jeg:scrap_ore":10,"minecraft:red_bed":1,"minecraft:medium_amethyst_bud":1,"minecraft:amethyst_cluster":1,"epicsamurai:deepslate_aquamarine_ore":8,"minecraft:clay":10,"minecraft:torch":2,"minecraft:calcite":53,"minecraft:melon":10,"regions_unexplored:silt_dirt":38,"enhancedfarming:avocado_leaves":1,"minecraft:tall_grass":10,"minecraft:copper_ore":44,"minecraft:cobblestone":1,"minecraft:deepslate_coal_ore":2,"minecraft:lapis_ore":1,"minecraft:deepslate_gold_ore":50,"minecraft:wall_torch":6,"minecraft:amethyst_block":69,"minecraft:spruce_stairs":1,"minecraft:deepslate_copper_ore":4,"minecraft:seagrass":1,"jeg:deepslate_scrap_ore":30,"minecraft:cyan_wool":1,"realmrpg_skeletons:bow_skeleton":1,"minecraft:wheat":58,"minecraft:lilac":1,"minecraft:spruce_log":1,"minecraft:grass":18,"minecraft:oak_log":2,"minecraft:coal_ore":10,"minecraft:beetroots":4,"minecraft:gravel":6,"minecraft:dirt":699,"minecraft:smooth_basalt":18,"minecraft:tripwire_hook":1,"minecraft:fern":4,"minecraft:gold_ore":8,"minecraft:oak_leaves":4,"minecraft:deepslate":11887,"regions_unexplored:tassel":2},"minecraft:dropped":{"minecraft:iron_ingot":1,"minecraft:wheat_seeds":50,"minecraft:oak_log":138,"minecraft:diamond":5,"minecraft:cobblestone":620,"minecraft:stick":8,"minecraft:dirt":192,"minecraft:torch":6,"skilltree:gem":5,"simplefarming:cotton_seeds":1,"minecraft:cobbled_deepslate":3248,"minecraft:tuff":233,"minecraft:rotten_flesh":5,"simplefarming:pepper_seeds":1,"wom:iron_staff":1,"minecraft:carrot":64,"hpm:smallhull":1,"enhancedfarming:apple_sapling":5,"minecraft:oak_sapling":12,"vanillaplustools:stone_hammer":1,"enhancedfarming:orange":20,"minecraft:stone_pickaxe":2,"epicfight:skillbook":1},"minecraft:custom":{"minecraft:interact_with_smithing_table":4,"minecraft:mob_kills":74,"minecraft:interact_with_crafting_table":72,"minecraft:open_barrel":6,"minecraft:leave_game":8,"minecraft:time_since_death":30905,"minecraft:climb_one_cm":2962,"minecraft:sprint_one_cm":1806754,"minecraft:walk_one_cm":1595678,"minecraft:drop":118,"minecraft:damage_dealt_absorbed":4896,"minecraft:talked_to_villager":2,"minecraft:play_time":272859,"minecraft:deaths":16,"minecraft:sneak_time":1035,"minecraft:walk_under_water_one_cm":6227,"minecraft:jump":1938,"minecraft:walk_on_water_one_cm":30972,"minecraft:total_world_time":272859,"minecraft:interact_with_furnace":61,"minecraft:sleep_in_bed":8,"minecraft:time_since_rest":14781,"minecraft:damage_taken":9206,"minecraft:damage_dealt":33646,"minecraft:swim_one_cm":41377,"minecraft:fly_one_cm":386024,"minecraft:open_chest":127,"minecraft:crouch_one_cm":2883,"minecraft:interact_with_smoker":3,"minecraft:fall_one_cm":52346}},"DataVersion":3465}