{"stats":{"minecraft:custom":{"minecraft:inspect_dropper":2,"minecraft:mob_kills":80,"minecraft:inspect_hopper":1,"minecraft:interact_with_crafting_table":75,"minecraft:open_barrel":13,"minecraft:leave_game":4,"minecraft:time_since_death":28319,"minecraft:climb_one_cm":26834,"minecraft:sprint_one_cm":2021806,"minecraft:walk_one_cm":1435588,"minecraft:drop":89,"minecraft:damage_dealt_absorbed":3125,"minecraft:talked_to_villager":3,"minecraft:play_time":293249,"minecraft:deaths":20,"minecraft:sneak_time":8212,"minecraft:walk_under_water_one_cm":15132,"minecraft:interact_with_brewingstand":1,"minecraft:jump":3401,"minecraft:interact_with_blast_furnace":6,"minecraft:walk_on_water_one_cm":37935,"minecraft:total_world_time":293249,"minecraft:interact_with_furnace":36,"minecraft:interact_with_loom":1,"minecraft:sleep_in_bed":10,"minecraft:time_since_rest":24013,"minecraft:damage_taken":8867,"minecraft:trigger_trapped_chest":1,"minecraft:damage_dealt":13574,"minecraft:swim_one_cm":8570,"minecraft:fly_one_cm":922340,"minecraft:open_chest":114,"minecraft:crouch_one_cm":22781,"minecraft:interact_with_smoker":5,"minecraft:inspect_dispenser":1,"minecraft:fall_one_cm":97405},"minecraft:dropped":{"minecraft:bread":1,"regions_unexplored:fireweed":18,"minecraft:wheat_seeds":16,"minecraft:glass_bottle":1,"minecraft:diamond":3,"minecraft:feather":1,"minecraft:leather":6,"minecraft:stick":12,"minecraft:torch":7,"minecraft:melon_slice":10,"wom:tormented_mind":1,"minecraft:dark_oak_planks":54,"travelersbackpack:backpack_tank":4,"minecraft:bucket":1,"minecraft:redstone":62,"minecraft:gold_ingot":1,"minecraft:gravel":1,"minecraft:coarse_dirt":1,"minecraft:cobbled_deepslate":55,"regions_unexplored:hyssop":13,"minecraft:cooked_mutton":2,"minecraft:white_bed":1,"patchouli:guide_book":1,"wom:stone_staff":2,"minecraft:andesite":2,"minecraft:oak_sapling":4,"minecraft:bamboo":113,"comforts:sleeping_bag_white":1,"minecraft:arrow":10,"minecraft:wooden_pickaxe":1},"minecraft:killed":{"minecraft:cave_spider":3,"alexsmobs:raccoon":2,"minecraft:spider":2,"minecraft:skeleton":5,"minecraft:silverfish":5,"minecraft:pig":2,"minecraft:creeper":7,"minecraft:sheep":5,"minecraft:pillager":27,"minecraft:zombie":17,"ecologics:squirrel":1,"minecraft:villager":1,"minecraft:cow":1},"minecraft:crafted":{"minecraft:oak_planks":68,"wom:stone_staff":3,"ecologics:walnut_planks":16,"minecraft:furnace":3,"minecraft:cooked_mutton":5,"regions_unexplored:mauve_planks":20,"minecraft:stone_pickaxe":5,"minecraft:chest":2,"minecraft:dark_oak_planks":84,"minecraft:wheat":135,"minecraft:cooked_beef":5,"biomesoplenty:jacaranda_planks":52,"minecraft:cooked_porkchop":11,"minecraft:crafting_table":10,"minecraft:wooden_pickaxe":3,"minecraft:iron_helmet":1,"minecraft:copper_ingot":7,"minecraft:stone_axe":2,"minecraft:bread":46,"minecraft:charcoal":8,"minecraft:stick":40,"minecraft:iron_ingot":157,"minecraft:iron_pickaxe":2,"minecraft:iron_leggings":1,"wom:iron_staff":3,"minecraft:torch":104},"minecraft:picked_up":{"minecraft:iron_chestplate":1,"minecraft:charcoal":10,"minecraft:coarse_dirt":2,"minecraft:wheat":23,"minecraft:sentry_armor_trim_smithing_template":12,"aether:iron_gloves":1,"minecraft:wooden_pickaxe":6,"minecraft:enchanted_book":6,"biomesoplenty:jacaranda_sapling":23,"wom:stone_staff":4,"minecraft:stone_brick_stairs":1,"minecraft:string":21,"minecraft:red_bed":5,"minecraft:raw_copper":8,"biomesoplenty:tall_lavender":3,"epicsamurai:jade":2,"minecraft:experience_bottle":10,"ecologics:walnut_sapling":5,"regions_unexplored:bamboo_sapling":1,"minecraft:smooth_stone":3,"minecraft:cobbled_deepslate":115,"minecraft:bucket":2,"minecraft:beef":10,"minecraft:rose_bush":41,"minecraft:calcite":13,"minecraft:iron_pickaxe":6,"alexsmobs:raccoon_tail":2,"minecraft:melon_slice":60,"minecraft:sugar_cane":7,"minecraft:iron_boots":1,"minecraft:tipped_arrow":24,"minecraft:stick":43,"minecraft:raw_iron":90,"ecologics:walnut_log":4,"minecraft:glow_item_frame":6,"minecraft:torch":29,"epicfight:skillbook":7,"minecraft:porkchop":13,"minecraft:cookie":8,"minecraft:carrot":32,"minecraft:redstone":126,"regions_unexplored:daisy":8,"minecraft:goat_horn":5,"minecraft:light_gray_bed":2,"wom:tormented_mind":7,"minecraft:arrow":52,"minecraft:rotten_flesh":25,"regions_unexplored:mauve_sapling":12,"biomesoplenty:jacaranda_log":30,"minecraft:jungle_stairs":2,"regions_unexplored:mauve_log":19,"minecraft:iron_block":15,"minecraft:hay_block":19,"minecraft:glow_berries":2,"minecraft:mutton":15,"minecraft:skeleton_skull":1,"minecraft:cobblestone":125,"minecraft:white_wool":12,"epicfight:stone_spear":1,"ecologics:walnut":4,"minecraft:feather":3,"minecraft:tripwire_hook":15,"minecraft:glow_ink_sac":15,"minecraft:andesite":121,"minecraft:salmon":1,"minecraft:leather":4,"paraglider:spirit_orb":5,"minecraft:potato":39,"minecraft:tuff":9,"minecraft:oak_log":28,"jeg:scrap":52,"biomesoplenty:jacaranda_planks":13,"minecraft:gunpowder":7,"skilltree:gem":45,"minecraft:dirt":8,"minecraft:white_banner":5,"minecraft:cooked_mutton":5,"minecraft:bone":14,"travelersbackpack:backpack_tank":2,"minecraft:stone_bricks":3,"minecraft:apple":4,"minecraft:bow":2,"minecraft:wheat_seeds":45,"minecraft:raw_gold":2,"minecraft:iron_ingot":16,"minecraft:stone_pickaxe":5,"minecraft:cobweb":2,"minecraft:mossy_stone_bricks":1,"minecraft:bamboo":218,"minecraft:glass_bottle":1,"epicsamurai:aquamarine":7,"epicsamurai:raw_silver":9,"jeg:tech_trash":7,"epicsamurai:silver_ingot":2,"regions_unexplored:bamboo_log":14,"minecraft:milk_bucket":3,"minecraft:cooked_porkchop":7,"patchouli:guide_book":2,"wom:iron_staff":3,"minecraft:brush":6,"minecraft:gravel":4,"minecraft:lava_bucket":1,"minecraft:white_bed":2,"minecraft:dark_oak_log":113,"minecraft:gold_ore":2,"minecraft:mossy_stone_brick_slab":1,"minecraft:spider_eye":1,"alexsmobs:animal_dictionary":1,"minecraft:mossy_cobblestone":12,"biomesoplenty:flowering_oak_sapling":2,"epicsamurai:straw_hat":2,"regions_unexplored:mauve_planks":26,"regions_unexplored:hyssop":22,"regions_unexplored:fireweed":23,"minecraft:diamond":9,"minecraft:stone_axe":2,"minecraft:crossbow":4,"minecraft:bone_meal":7,"minecraft:emerald":9,"minecraft:bread":39,"minecraft:hopper":1,"minecraft:baked_potato":1,"minecraft:oak_sapling":16,"epicsamurai:ruby":8,"minecraft:coal":71},"minecraft:used":{"minecraft:chest":2,"minecraft:rotten_flesh":6,"minecraft:torch":83,"minecraft:carrot":43,"regions_unexplored:mauve_sapling":1,"wom:stone_staff":234,"minecraft:tuff":5,"minecraft:obsidian":2,"minecraft:dark_oak_planks":30,"wom:tormented_mind":86,"wom:iron_staff":217,"minecraft:bow":14,"minecraft:hay_block":1,"minecraft:goat_horn":2,"minecraft:furnace":3,"ecologics:walnut":3,"minecraft:potato":7,"minecraft:cooked_beef":4,"minecraft:light_gray_bed":1,"minecraft:iron_leggings":1,"minecraft:cooked_mutton":2,"epicfight:skillbook":7,"minecraft:stone_pickaxe":229,"minecraft:baked_potato":1,"minecraft:wooden_pickaxe":85,"ecologics:walnut_sapling":1,"minecraft:cookie":4,"minecraft:mossy_cobblestone":2,"minecraft:red_bed":2,"minecraft:crafting_table":10,"minecraft:white_bed":1,"minecraft:apple":11,"minecraft:melon_slice":7,"minecraft:bread":53,"minecraft:iron_pickaxe":130,"minecraft:jungle_stairs":2,"minecraft:stone_axe":28,"minecraft:cobblestone":16,"minecraft:cooked_porkchop":5,"minecraft:andesite":8,"alexsmobs:animal_dictionary":1,"minecraft:bone_meal":1},"minecraft:mined":{"minecraft:tuff":10,"minecraft:white_bed":2,"minecraft:mossy_cobblestone":1,"minecraft:deepslate_diamond_ore":9,"minecraft:mossy_stone_brick_slab":2,"epicsamurai:deepslate_ruby_ore":8,"minecraft:grass_block":5,"minecraft:infested_cobblestone":3,"minecraft:light_gray_bed":1,"minecraft:hopper":1,"minecraft:hay_block":16,"epicsamurai:deepslate_jade_ore":2,"biomesoplenty:tall_lavender":7,"minecraft:iron_ore":19,"biomesoplenty:lavender":1,"minecraft:andesite":52,"treechop:chopped_log":8,"biomesoplenty:hanging_cobweb":6,"minecraft:mossy_stone_brick_stairs":1,"minecraft:potatoes":2,"minecraft:deepslate_iron_ore":11,"epicsamurai:deepslate_silver_ore":9,"regions_unexplored:medium_grass":11,"realmrpg_skeletons:arrow_skeleton":1,"minecraft:bamboo":14,"minecraft:iron_block":16,"biomesoplenty:spider_egg":2,"minecraft:stone":83,"minecraft:podzol":3,"biomesoplenty:jacaranda_leaves":1,"minecraft:deepslate_redstone_ore":14,"jeg:scrap_ore":8,"minecraft:red_bed":2,"epicsamurai:deepslate_aquamarine_ore":7,"minecraft:torch":5,"minecraft:jungle_stairs":2,"minecraft:calcite":13,"minecraft:melon":4,"minecraft:rose_bush":1,"minecraft:campfire":1,"minecraft:tall_grass":28,"minecraft:deepslate_coal_ore":1,"minecraft:deepslate_gold_ore":2,"minecraft:sugar_cane":3,"minecraft:wall_torch":7,"minecraft:deepslate_copper_ore":2,"jeg:deepslate_scrap_ore":16,"regions_unexplored:hyssop":10,"realmrpg_skeletons:bow_skeleton":1,"minecraft:coarse_dirt":1,"realmrpg_skeletons:webbed_skeleton":1,"minecraft:wheat":6,"realmrpg_skeletons:acrobat_skeleton":2,"minecraft:stone_brick_stairs":2,"minecraft:grass":97,"minecraft:oak_log":2,"minecraft:coal_ore":33,"minecraft:gravel":3,"minecraft:dirt":1,"biomesoplenty:stringy_cobweb":2,"minecraft:dispenser":1,"minecraft:stone_bricks":2,"minecraft:oak_leaves":3,"minecraft:deepslate":98,"minecraft:fern":11,"regions_unexplored:fireweed":3}},"DataVersion":3465}