{"stats":{"minecraft:mined":{"minecraft:tuff":629,"epicsamurai:deepslate_onyx_ore":8,"minecraft:deepslate_diamond_ore":50,"epicsamurai:deepslate_ruby_ore":4,"minecraft:stone_brick_wall":1,"regions_unexplored:poppy_bush":11,"minecraft:hay_block":19,"epicsamurai:deepslate_jade_ore":8,"minecraft:carrots":9,"minecraft:furnace":1,"minecraft:iron_ore":9,"minecraft:cobbled_deepslate":82,"treechop:chopped_log":7,"valhelsia_structures:green_metal_framed_glass_pane":2,"regions_unexplored:frozen_grass":1,"minecraft:deepslate_lapis_ore":15,"regions_unexplored:red_maple_leaves":1,"minecraft:oak_stairs":6,"minecraft:bookshelf":42,"minecraft:deepslate_iron_ore":18,"regions_unexplored:maple_leaf_pile":1,"minecraft:light_gray_concrete":2,"minecraft:stripped_acacia_log":2,"regions_unexplored:medium_grass":8,"minecraft:stone":592,"minecraft:orange_bed":2,"minecraft:cake":1,"valhelsia_structures:big_glazed_jar":2,"regions_unexplored:redstone_bulb":8,"herbology:salt_block":19,"minecraft:deepslate_redstone_ore":103,"minecraft:redstone_block":1,"regions_unexplored:silver_birch_leaf_pile":2,"epicsamurai:deepslate_aquamarine_ore":25,"minecraft:torch":4,"minecraft:copper_ore":2,"minecraft:cyan_bed":1,"minecraft:deepslate_gold_ore":29,"jeg:deepslate_scrap_ore":15,"regions_unexplored:redstone_bud":13,"minecraft:wheat":27,"minecraft:jukebox":1,"minecraft:stone_brick_stairs":4,"minecraft:smooth_stone_slab":1,"minecraft:grass":6,"minecraft:beetroots":2,"minecraft:gravel":5,"minecraft:dirt":10,"minecraft:cobweb":1,"minecraft:cracked_stone_bricks":2,"minecraft:stone_bricks":16,"minecraft:stonecutter":1,"minecraft:redstone_lamp":1,"minecraft:deepslate":8243,"regions_unexplored:tassel":2},"minecraft:picked_up":{"minecraft:iron_chestplate":1,"minecraft:wheat":4,"minecraft:redstone_block":1,"minecraft:redstone_lamp":1,"minecraft:leather_leggings":1,"minecraft:oak_stairs":10,"minecraft:string":11,"regions_unexplored:poppy_bush":11,"minecraft:raw_copper":14,"minecraft:iron_axe":1,"minecraft:armor_stand":1,"epicsamurai:jade":20,"minecraft:beetroot":1,"minecraft:cracked_stone_bricks":1,"minecraft:diamond_leggings":1,"minecraft:cobbled_deepslate":2463,"comforts:sleeping_bag_white":3,"regions_unexplored:maple_leaf_pile":8,"minecraft:iron_pickaxe":1,"minecraft:furnace":2,"minecraft:stick":24,"minecraft:raw_iron":30,"regions_unexplored:silver_birch_leaf_pile":8,"minecraft:jukebox":1,"herbology:salt":24,"minecraft:torch":9,"epicfight:skillbook":1,"minecraft:carrot":8,"minecraft:redstone":185,"alexsmobs:centipede_leg":2,"minecraft:orange_bed":2,"minecraft:arrow":22,"minecraft:rotten_flesh":15,"regions_unexplored:redstone_bulb":8,"minecraft:beetroot_seeds":2,"regions_unexplored:maple_sapling":6,"minecraft:hay_block":19,"minecraft:mutton":9,"minecraft:white_wool":4,"minecraft:cobblestone":1062,"minecraft:feather":11,"minecraft:tuff":435,"jeg:scrap":42,"simpletomb:grave_key":1,"regions_unexplored:tassel":2,"skilltree:gem":21,"minecraft:lapis_lazuli":56,"minecraft:dirt":10,"minecraft:cooked_mutton":4,"minecraft:leather_boots":1,"minecraft:bone":14,"minecraft:acacia_planks":2,"minecraft:apple":1,"minecraft:wheat_seeds":13,"alexsmobs:cockroach_wing_fragment":1,"minecraft:raw_gold":35,"minecraft:iron_ingot":14,"epicsamurai:aquamarine":33,"minecraft:iron_sword":1,"jeg:tech_trash":2,"regions_unexplored:orange_maple_leaf_pile":2,"minecraft:book":120,"regions_unexplored:silver_birch_sapling":5,"epicsamurai:onyx":16,"valhelsia_structures:green_metal_framed_glass_pane":2,"regions_unexplored:pine_planks":26,"minecraft:gravel":9,"minecraft:cyan_bed":1,"minecraft:spider_eye":1,"minecraft:stripped_acacia_log":2,"minecraft:diamond":58,"minecraft:soul_lantern":1,"regions_unexplored:silver_birch_log":38,"regions_unexplored:maple_log":25,"minecraft:chainmail_helmet":1,"minecraft:diamond_pickaxe":2},"minecraft:broken":{"vanillaplustools:iron_hammer":1,"vanillaplustools:stone_hammer":2,"minecraft:leather_boots":1},"minecraft:dropped":{"minecraft:bread":20,"minecraft:iron_sword":1,"minecraft:wheat_seeds":12,"minecraft:cooked_beef":2,"minecraft:feather":10,"minecraft:cobblestone":1186,"minecraft:apple":4,"regions_unexplored:tassel":1,"minecraft:chainmail_helmet":1,"skilltree:gem":2,"minecraft:oak_stairs":10,"minecraft:iron_leggings":1,"minecraft:iron_axe":2,"regions_unexplored:poppy_bush":11,"regions_unexplored:silver_birch_leaf_pile":4,"minecraft:string":2,"minecraft:acacia_planks":4,"minecraft:bone":4,"minecraft:gravel":9,"minecraft:furnace":1,"minecraft:cobbled_deepslate":837,"minecraft:jukebox":1,"minecraft:tuff":125,"minecraft:wheat":1,"minecraft:rotten_flesh":2,"regions_unexplored:maple_sapling":6,"simplyswords:diamond_twinblade":1,"minecraft:diamond_sword":1,"minecraft:beetroot_seeds":2,"vanillaplustools:stone_hammer":2,"minecraft:arrow":3,"regions_unexplored:orange_maple_leaf_pile":1},"minecraft:killed":{"mokels_adventure:mana_sentinel":1,"alexsmobs:raccoon":1,"minecraft:spider":5,"naturalist:robin":1,"minecraft:horse":1,"minecraft:skeleton":19,"alexsmobs:centipede_head":1,"spawn:ant":2,"mythicmounts:geckotoalizard":3,"minecraft:magma_cube":19,"naturalist:bear":1,"minecraft:rabbit":1,"minecraft:creeper":1,"minecraft:sheep":5,"alexsmobs:cockroach":2,"minecraft:zombie":19,"alexsmobs:crow":1,"minecraft:enderman":2},"minecraft:custom":{"minecraft:mob_kills":87,"minecraft:interact_with_crafting_table":43,"minecraft:open_barrel":5,"minecraft:eat_cake_slice":7,"minecraft:leave_game":2,"minecraft:time_since_death":0,"minecraft:climb_one_cm":87749,"minecraft:sprint_one_cm":1287698,"minecraft:walk_one_cm":1263306,"minecraft:drop":76,"minecraft:play_noteblock":1,"minecraft:damage_dealt_absorbed":195,"minecraft:talked_to_villager":6,"minecraft:play_time":187369,"minecraft:sneak_time":5126,"minecraft:deaths":11,"minecraft:walk_under_water_one_cm":10312,"minecraft:jump":1106,"minecraft:walk_on_water_one_cm":1472,"minecraft:total_world_time":187369,"minecraft:interact_with_furnace":27,"minecraft:tune_noteblock":1,"minecraft:sleep_in_bed":9,"minecraft:time_since_rest":0,"minecraft:damage_taken":10551,"minecraft:damage_absorbed":221,"minecraft:damage_dealt":15914,"minecraft:swim_one_cm":4603,"minecraft:fly_one_cm":244071,"minecraft:open_chest":90,"minecraft:crouch_one_cm":21505,"minecraft:fall_one_cm":91389,"minecraft:inspect_dispenser":1},"minecraft:crafted":{"vanillaplustools:stone_hammer":4,"comforts:sleeping_bag_white":1,"regions_unexplored:maple_planks":8,"minecraft:furnace":1,"simplyswords:diamond_twinblade":1,"vanillaplustools:iron_hammer":1,"minecraft:diamond_helmet":1,"minecraft:iron_axe":1,"minecraft:stone_pickaxe":29,"minecraft:chest":9,"minecraft:diamond_boots":1,"minecraft:wheat":144,"minecraft:crafting_table":4,"minecraft:iron_helmet":1,"minecraft:birch_planks":148,"minecraft:bread":52,"minecraft:diamond_pickaxe":11,"minecraft:stick":92,"minecraft:iron_ingot":12,"minecraft:iron_pickaxe":10,"minecraft:iron_leggings":1,"vanillaplustools:diamond_hammer":1,"minecraft:acacia_planks":8,"minecraft:diamond_chestplate":2},"minecraft:used":{"minecraft:beetroot":1,"minecraft:chest":9,"minecraft:iron_sword":16,"vanillaplustools:stone_hammer":309,"minecraft:orange_bed":1,"minecraft:rotten_flesh":5,"minecraft:iron_chestplate":5,"simpletomb:grave_key":29,"minecraft:torch":4,"minecraft:carrot":1,"minecraft:iron_axe":127,"minecraft:iron_helmet":1,"simplyswords:diamond_greathammer":1,"minecraft:rabbit_stew":1,"minecraft:hay_block":1,"minecraft:furnace":1,"comforts:sleeping_bag_white":3,"minecraft:cobbled_deepslate":237,"minecraft:iron_leggings":1,"minecraft:cooked_mutton":4,"epicfight:skillbook":1,"regions_unexplored:tassel":1,"vanillaplustools:diamond_hammer":619,"minecraft:golden_apple":3,"minecraft:crafting_table":4,"simplyswords:watcher_claymore":238,"minecraft:cake":1,"minecraft:apple":5,"minecraft:cyan_bed":1,"minecraft:bread":50,"minecraft:iron_pickaxe":199,"vanillaplustools:iron_hammer":250,"alexsmobs:animal_dictionary":2}},"DataVersion":3465}