{"stats":{"minecraft:mined":{"minecraft:grass":4},"minecraft:picked_up":{"minecraft:wheat_seeds":1},"minecraft:custom":{"minecraft:jump":165,"minecraft:time_since_rest":7600,"minecraft:damage_dealt":10,"minecraft:crouch_one_cm":620,"minecraft:leave_game":1,"minecraft:sprint_one_cm":39459,"minecraft:play_time":7600,"minecraft:damage_taken":20,"minecraft:time_since_death":7600,"minecraft:walk_one_cm":2958,"minecraft:sneak_time":102,"minecraft:total_world_time":7600,"minecraft:fall_one_cm":8215,"minecraft:fly_one_cm":40071}},"DataVersion":3465}